assigned_agent,status,intent,display_id,removed_staff_owner,address
Anoop,active,rent,RP-GZB-RES-20480,Ashwani,"SUPERTECH ESTATE, Madan Mohan Malviya Marg, Vaishali Extension, Sector 9, Vaishali, Ghaziabad, Uttar Pradesh 201019, India"
Anoop,active,sell,RP-GZB-RES-20525,Anoop,"Sector 4, Vaishali, Ghaziabad, Uttar Pradesh 201019, India"
Ashish Sharma,active,sell,RP-GZB-COM-20492,Sahil Choudhary,"Indirapuram, Abhay khand 1, Ghaziabad, Uttar Pradesh"
Ashish Sharma,active,sell,RP-GZB-RES-20013,Ashish Sharma,"S3, 219, Ghaziabad, Sector 4, Vaishali, Ghaziabad, Uttar Pradesh - 201019"
Ashish Sharma,active,sell,RP-GZB-RES-20014,Ashish Sharma,"Sector 4, Vaishali, Ghaziabad, Uttar Pradesh 201019, India"
Ashish Sharma,active,sell,RP-GZB-RES-20021,Ashish Sharma,"Sector 5, Vaishali, Ghaziabad, Uttar Pradesh, India"
Ashish Sharma,active,sell,RP-GZB-RES-20058,Ashwani,"Sector 5, Vaishali, Ghaziabad, Uttar Pradesh, India"
Ashish Sharma,active,sell,RP-GZB-RES-20086,Ashwani,"Vaishali, Ghaziabad, Uttar Pradesh, India"
Ashish Sharma,active,sell,RP-GZB-RES-20087,Ashwani,"Indirapuram, Ghaziabad, Uttar Pradesh, India"
Ashish Sharma,active,sell,RP-GZB-RES-20088,Ashwani,"Sector 4, Vaishali, Ghaziabad, Uttar Pradesh 201019, India"
Ashish Sharma,active,sell,RP-GZB-RES-20121,Ashish Sharma,"Sector 4, Vaishali, Ghaziabad, Uttar Pradesh 201019, India"
Ashish Sharma,active,sell,RP-GZB-RES-20154,Ashish Sharma,"Ramprastha Greens, Vaishali, Ghaziabad, Uttar Pradesh, India"
Ashish Sharma,active,sell,RP-GZB-RES-20410,Ashish Sharma,"168, Sector 4, Vaishali, Ghaziabad, Uttar Pradesh - 201019"
Ashish Sharma,active,sell,RP-GZB-RES-20488,Ashish Sharma,"Neelpadam 1, Sector 5, Vaishali, Ghaziabad, Uttar Pradesh 201019, India"
Ashish Sharma,active,sell,RP-GZB-RES-20513,Ashish Sharma,"S4, 414, Sector 4, Vaishali, Ghaziabad, Uttar Pradesh - 201019"
Ashish Sharma,active,sell,RP-IND-RES-20089,Ashish Sharma,"Gyan Khand 1, Indirapuram, Ghaziabad, Uttar Pradesh, India"
Ashish Sharma,active,sell,RP-MEE-RES-20151,Ashwani,"Sector 4, Vaishali, Ghaziabad, Uttar Pradesh 201019, India"
Ashish Sharma,active,sell,RP-MEE-RES-20153,Ashwani,"Sector 3, Vaishali, Ghaziabad, Uttar Pradesh, India"
Ashish Sharma,active,sell,RP-VAI-RES-20122,Ashish Sharma,"Vaishali Sector - 6, Vaishali, Ghaziabad, Uttar Pradesh, India"
Ashish Sharma,active,sell,RP-VAI-RES-20123,Ashish Sharma,"Neelpadam Kunj Complex, Kamma 1, Vaishali, Ghaziabad, Uttar Pradesh 201010, India"
Ashish Sharma,active,sell,RP-VAI-RES-20128,Ashish Sharma,"Sector 5, Vaishali, Ghaziabad, Uttar Pradesh, India"
Ashish Sharma,active,sell,RP-VAS-RES-20136,Ashish Sharma,"Ajnara Pride, Sector 4C, Vasundhara, Ghaziabad, Uttar Pradesh 201012"
Ashish Sharma,inactive,rent,RP-VAI-RES-20125,Ashish Sharma,"Mahagun Mosaic, Sector 4, Vaishali, Ghaziabad, Uttar Pradesh 201019, India"
Ashwani,active,sell,RP-GZB-COM-20325,Ashwani,"Sahibabad, Ghaziabad, Uttar Pradesh, India"
Ashwani,active,sell,RP-GZB-COM-20326,Ashwani,"Sahibabad, Ghaziabad, Uttar Pradesh, India"
Ashwani,active,sell,RP-GZB-COM-20327,Ashwani,"Sahibabad, Ghaziabad, Uttar Pradesh, India"
Ashwani,active,sell,RP-GZB-COM-20328,Ashwani,"Sahibabad, Ghaziabad, Uttar Pradesh, India"
Ashwani,active,sell,RP-GZB-RES-20052,Ashwani,"Sector 4, Vaishali, Ghaziabad, Uttar Pradesh 201019, India"
Ashwani,active,sell,RP-GZB-RES-20053,Ashwani,"Sector-1, Vaishali, Ghaziabad, Uttar Pradesh, India"
Ashwani,active,sell,RP-GZB-RES-20054,Ashwani,"Vaishali Sector - 6, Vaishali, Ghaziabad, Uttar Pradesh, India"
Ashwani,active,rent,RP-GZB-RES-20056,Ashwani,"Sector 2, Vaishali, Ghaziabad, Uttar Pradesh, India"
Ashwani,active,sell,RP-GZB-RES-20140,Ashwani,Vaishali
Ashwani,active,sell,RP-GZB-RES-20316,Ashwani,"Sector 3, Vaishali, Ghaziabad, Uttar Pradesh, India"
Ashwani,active,sell,RP-GZB-RES-20317,Ashwani,"Vaishali Sector - 6, Vaishali, Ghaziabad, Uttar Pradesh, India"
Ashwani,active,sell,RP-GZB-RES-20329,Ashwani,"Vaishali, Ghaziabad, Uttar Pradesh, India"
Ashwani,active,sell,RP-GZB-RES-20348,Ashwani,"Vasundhara, Ghaziabad, Uttar Pradesh, India"
Ashwani,active,sell,RP-GZB-RES-20357,Ashwani,"Vaishali, Ghaziabad, Uttar Pradesh, India"
Ashwani,active,sell,RP-GZB-RES-20360,Ashwani,"Vaishali, Ghaziabad, Uttar Pradesh, India"
Ashwani,active,sell,RP-GZB-RES-20361,Ashwani,"Sector 4, Vaishali, Ghaziabad, Uttar Pradesh 201019, India"
Ashwani,active,sell,RP-GZB-RES-20365,Ashwani,"Sector 4, Vaishali, Ghaziabad, Uttar Pradesh 201019, India"
Ashwani,active,sell,RP-GZB-RES-20367,Ashwani,"Sector 4, Vaishali, Ghaziabad, Uttar Pradesh 201019, India"
Ashwani,active,sell,RP-GZB-RES-20368,Ashwani,"J8RR+9RJ Amrapali Vaishali, Amrapali Apartment, Block C, Sector 3, Vaishali, Ghaziabad, Uttar Pradesh 201019, India"
Ashwani,active,sell,RP-GZB-RES-20370,Ashwani,"Sector 4, Vaishali, Ghaziabad, Uttar Pradesh 201019, India"
Ashwani,active,sell,RP-GZB-RES-20371,Ashwani,"Vaishali, Ghaziabad, Uttar Pradesh, India"
Ashwani,active,sell,RP-GZB-RES-20375,Ashwani,"Sector 11, Vasundhara, Ghaziabad, Uttar Pradesh, India"
Ashwani,active,sell,RP-GZB-RES-20376,Ashwani,"Sector 12, Vasundhara, Ghaziabad, Uttar Pradesh 201012, India"
Ashwani,active,sell,RP-GZB-RES-20377,Ashwani,"Sector 15, Vasundhara, Ghaziabad, Uttar Pradesh, India"
Ashwani,active,sell,RP-GZB-RES-20378,Ashwani,"Sector 13, Vasundhara, Ghaziabad, Uttar Pradesh, India"
Ashwani,active,sell,RP-GZB-RES-20379,Ashwani,"Sector 15, Vasundhara, Ghaziabad, Uttar Pradesh, India"
Ashwani,active,sell,RP-GZB-RES-20380,Ashwani,"Sector 15, Vasundhara, Ghaziabad, Uttar Pradesh, India"
Ashwani,active,sell,RP-GZB-RES-20382,Ashwani,"Sector 5, Vaishali, Ghaziabad, Uttar Pradesh, India"
Ashwani,active,sell,RP-GZB-RES-20387,Ashwani,"Sector 5, Vaishali, Ghaziabad, Uttar Pradesh, India"
Ashwani,active,sell,RP-GZB-RES-20411,Ashwani,"Sector 4, Vaishali, Ghaziabad, Uttar Pradesh 201019, India"
Ashwani,active,sell,RP-GZB-RES-20412,Ashwani,"Sector 3, Vaishali, Ghaziabad, Uttar Pradesh, India"
Ashwani,active,sell,RP-GZB-RES-20445,Ashwani,"Pearl Club Residency, Ramprastha Green Rd, Vaishali Extension, Sector 9, Vaishali, Ghaziabad, Uttar Pradesh 201019, India"
Ashwani,active,sell,RP-GZB-RES-20454,Ashwani,"S1, Vaishali, Ghaziabad, Uttar Pradesh - 201019"
Ashwani,active,sell,RP-GZB-RES-20491,Ashwani,"UG-3, 41, Vaishali, Sector - 6, Ghaziabad, Uttar Pradesh"
Ashwani,active,rent,RP-GZB-RES-20807,vivan sonu ,"Vaishali, Ghaziabad, Uttar Pradesh"
Ashwani,active,sell,RP-GZB-RES-20808,Manish Gupta,"Vaishali, Ghaziabad, Uttar Pradesh"
Ashwani,active,rent,RP-GZB-RES-20809,Anoop,"Vaishali, Ghaziabad, Uttar Pradesh"
Ashwani,active,rent,RP-GZB-RES-20810,Pawan Rastogi,"Vaishali, Ghaziabad, Uttar Pradesh"
Ashwani,active,rent,RP-GZB-RES-20811,Vibhor Sharma,"Vaishali, Apex Acacia velly, Ghaziabad, Uttar Pradesh"
Ashwani,active,rent,RP-GZB-RES-20813,Manish Gupta,"Vaishali , Ghaziabad, Uttar Pradesh"
Ashwani,active,rent,RP-GZB-RES-20814,vivan sonu ,"Vaishali, Ghaziabad, Uttar Pradesh"
Ashwani,active,rent,RP-GZB-RES-20816,vivan sonu ,"Vaishali, Cloud -9, Ghaziabad, Uttar Pradesh"
Ashwani,active,sell,RP-MEE-COM-20149,Ashwani,"Ravi Nagar, Hapur, Uttar Pradesh 245101, India"
Ashwani,active,sell,RP-MEE-RES-20146,Ashwani,"Ajnara Pride, Sector 4C, Vasundhara, Ghaziabad, Uttar Pradesh 201012"
Ashwani,active,sell,RP-MEE-RES-20147,Ashwani,"PEARL COURT, Ramprastha Green Rd, Vaishali Extension, Vaishali Sector - 6, Vaishali, Ghaziabad, Uttar Pradesh 201019, India"
Ashwani,active,sell,RP-MEE-RES-20148,Ashwani,"Sector 2, Vaishali, Ghaziabad, Uttar Pradesh, India"
Ashwani,active,sell,RP-MEE-RES-20187,Ashwani,"Vaishali, Ghaziabad, Uttar Pradesh, India"
Ashwani,active,sell,RP-MEE-RES-20252,Ashwani,"Vaishali, Ghaziabad, Uttar Pradesh, India"
Ashwani,active,sell,RP-MEE-RES-20253,Ashwani,"Vaishali, Ghaziabad, Uttar Pradesh, India"
Ashwani,active,sell,RP-MEE-RES-20255,Ashwani,"Vaishali, Ghaziabad, Uttar Pradesh, India"
Ashwani,active,sell,RP-MEE-RES-20256,Ashwani,"Vaishali, Ghaziabad, Uttar Pradesh, India"
Ashwani,active,sell,RP-MEE-RES-20257,Ashwani,"Vaishali, Ghaziabad, Uttar Pradesh, India"
Ashwani,active,sell,RP-MEE-RES-20266,Ashwani,"Vaishali, Ghaziabad, Uttar Pradesh, India"
Ashwani,active,sell,RP-MEE-RES-20267,Ashwani,"Ghaziabad, Uttar Pradesh, India"
Ashwani,active,sell,RP-MEE-RES-20269,Ashwani,"Vaishali, Ghaziabad, Uttar Pradesh, India"
Ashwani,active,sell,RP-MEE-RES-20270,Ashwani,"Vaishali, Ghaziabad, Uttar Pradesh, India"
Ashwani,active,sell,RP-MEE-RES-20271,Ashwani,"Vaishali, Ghaziabad, Uttar Pradesh, India"
Ashwani,active,sell,RP-MEE-RES-20272,Ashwani,"Vaishali, Ghaziabad, Uttar Pradesh, India"
Ashwani,active,sell,RP-MEE-RES-20274,Ashwani,"Vaishali, Ghaziabad, Uttar Pradesh, India"
Ashwani,active,sell,RP-MEE-RES-20277,Ashwani,"Vaishali, Ghaziabad, Uttar Pradesh, India"
Ashwani,active,sell,RP-MEE-RES-20278,Ashwani,"Vaishali, Ghaziabad, Uttar Pradesh, India"
Ashwani,active,sell,RP-MEE-RES-20279,Ashwani,"Vaishali, Ghaziabad, Uttar Pradesh, India"
Ashwani,active,sell,RP-MEE-RES-20280,Ashwani,"Vaishali, Ghaziabad, Uttar Pradesh, India"
Ashwani,active,sell,RP-MEE-RES-20281,Ashwani,"Vaishali, Ghaziabad, Uttar Pradesh, India"
Ashwani,active,sell,RP-MEE-RES-20282,Ashwani,"Vaishali, Ghaziabad, Uttar Pradesh, India"
Ashwani,active,sell,RP-MEE-RES-20283,Ashwani,"Ghaziabad, Uttar Pradesh, India"
Ashwani,active,sell,RP-MEE-RES-20284,Ashwani,"Vaishali, Ghaziabad, Uttar Pradesh, India"
Ashwani,active,sell,RP-MEE-RES-20285,Ashwani,"Vaishali, Ghaziabad, Uttar Pradesh, India"
Ashwani,active,sell,RP-MEE-RES-20286,Ashwani,"Vaishali, Ghaziabad, Uttar Pradesh, India"
Ashwani,active,sell,RP-MEE-RES-20287,Ashwani,"Vaishali, Ghaziabad, Uttar Pradesh, India"
Ashwani,active,sell,RP-MEE-RES-20288,Ashwani,"Vaishali, Ghaziabad, Uttar Pradesh, India"
Ashwani,active,sell,RP-MEE-RES-20289,Ashwani,"Vaishali, Ghaziabad, Uttar Pradesh, India"
Ashwani,active,sell,RP-MEE-RES-20291,Ashwani,"Vaishali, Ghaziabad, Uttar Pradesh, India"
Ashwani,active,sell,RP-MEE-RES-20292,Ashwani,"Vaishali, Ghaziabad, Uttar Pradesh, India"
Ashwani,active,sell,RP-MEE-RES-20293,Ashwani,"Vaishali, Ghaziabad, Uttar Pradesh, India"
Ashwani,active,sell,RP-MEE-RES-20294,Ashwani,"Vaishali, Ghaziabad, Uttar Pradesh, India"
Ashwani,active,sell,RP-MEE-RES-20295,Ashwani,"Vaishali, Ghaziabad, Uttar Pradesh, India"
Ashwani,active,sell,RP-MEE-RES-20298,Ashwani,"Vaishali, Ghaziabad, Uttar Pradesh, India"
Ashwani,active,sell,RP-MEE-RES-20355,Ashwani,"Ansal Tower Rorkee , Dove Tower"
Ashwani,inactive,sell,RP-GZB-RES-20358,Ashwani,"Vaishali, Ghaziabad, Uttar Pradesh, India"
Ashwani,inactive,sell,RP-GZB-RES-20512,Ashish Sharma,"S4, 414, Sector 4, Vaishali, Ghaziabad, Uttar Pradesh - 201019"
Ashwani,inactive,sell,RP-MEE-RES-20273,Ashwani,"Vaishali, Ghaziabad, Uttar Pradesh, India"
Beenu Chauhan,active,sell,RP-GZB-RES-20334,Beenu Chauhan,"Vasundhara, Ghaziabad, Uttar Pradesh, India"
Beenu Chauhan,active,sell,RP-GZB-RES-20335,Beenu Chauhan,"Vasundhara, Ghaziabad, Uttar Pradesh, India"
Beenu Chauhan,active,sell,RP-GZB-RES-20336,Beenu Chauhan,"Vasundhara, Ghaziabad, Uttar Pradesh, India"
Beenu Chauhan,active,sell,RP-GZB-RES-20337,Beenu Chauhan,"Vasundhara, Ghaziabad, Uttar Pradesh, India"
Beenu Chauhan,active,sell,RP-GZB-RES-20338,Beenu Chauhan,"Vasundhara, Ghaziabad, Uttar Pradesh, India"
Beenu Chauhan,active,sell,RP-GZB-RES-20339,Beenu Chauhan,"Sector 5, Vaishali, Ghaziabad, Uttar Pradesh, India"
Beenu Chauhan,active,sell,RP-GZB-RES-20349,Beenu Chauhan,"Vaishali, Ghaziabad, Uttar Pradesh, India"
Beenu Chauhan,active,sell,RP-GZB-RES-20350,Beenu Chauhan,"Gaur Ganga, Sector 4, Vaishali, Ghaziabad, Uttar Pradesh 201019, India"
Beenu Chauhan,active,sell,RP-GZB-RES-20381,Beenu Chauhan,"Sector 4, Vaishali, Ghaziabad, Uttar Pradesh 201019, India"
Beenu Chauhan,active,sell,RP-GZB-RES-20385,Beenu Chauhan,"Sector 4, Vaishali, Ghaziabad, Uttar Pradesh 201019, India"
Bharat Bhushan,active,sell,RP-GZB-RES-20002,Bharat Bhushan,"Niti Khand I, Indirapuram, Ghaziabad, Uttar Pradesh 201014, India"
Bharat Bhushan,active,rent,RP-GZB-RES-20005,Bharat Bhushan,"Sector-1, Vaishali, Ghaziabad, Uttar Pradesh, India"
Bharat Bhushan,active,rent,RP-GZB-RES-20006,Bharat Bhushan,"Sector-1, Vaishali, Ghaziabad, Uttar Pradesh, India"
Bharat Bhushan,active,rent,RP-GZB-RES-20010,Bharat Bhushan,"Niti Khand I, Indirapuram, Ghaziabad, Uttar Pradesh 201014, India"
Bharat Bhushan,active,rent,RP-GZB-RES-20011,Bharat Bhushan,"Sector 5, Vaishali, Ghaziabad, Uttar Pradesh, India"
Bharat Bhushan,active,sell,RP-GZB-RES-20096,Bharat Bhushan,"Niti Khand 2, Indirapuram, Ghaziabad, Uttar Pradesh 201014, India"
Bharat Bhushan,active,sell,RP-GZB-RES-20097,Bharat Bhushan,"Niti Khand 2, Indirapuram, Ghaziabad, Uttar Pradesh 201014, India"
Bharat Bhushan,active,rent,RP-GZB-RES-20120,Bharat Bhushan,"Sector 5, Vaishali, Ghaziabad, Uttar Pradesh, India"
Bharat Bhushan,active,rent,RP-GZB-RES-20524,Bharat Bhushan,"Mohan Meakin, H301, Madan Mohan Malviya Marg, Neelpadam Kunj Complex, Industrial Estate, Vaishali, Ghaziabad, Uttar Pradesh 201007, India"
Bhuvneswar Gupta,active,rent,RP-GNO-RES-20113,Bhuvneswar Gupta,"Panchsheel Hynish, Sector 1, Bisrakh Jalalpur, Greater Noida, Uttar Pradesh 201318, India"
Bhuvneswar Gupta,active,rent,RP-GNO-RES-20114,Bhuvneswar Gupta,"Panchsheel Greens, PANCHSHEEL GREENS, Panchsheel Greens, Greater Noida, Ghaziabad, Uttar Pradesh 201318, India"
Bhuvneswar Gupta,active,rent,RP-GNO-RES-20117,Bhuvneswar Gupta,"Panchsheel Greens, PANCHSHEEL GREENS, Panchsheel Greens, Greater Noida, Ghaziabad, Uttar Pradesh 201318, India"
Bhuvneswar Gupta,active,rent,RP-GRE-RES-20110,Bhuvneswar Gupta,"Greater Noida W Rd, Gaur City 1, Ghaziabad, Uttar Pradesh, India"
Bhuvneswar Gupta,active,rent,RP-GRE-RES-20111,Bhuvneswar Gupta,"Greater Noida West, Panchsheel Greens 2, Ithaira, Uttar Pradesh 201318, India"
Bhuvneswar Gupta,active,rent,RP-GRE-RES-20112,Bhuvneswar Gupta,"C Tower, HAWELIA VALENCIA HOMES, HAWELIA VALENCIA HOMES, Sector 1, Bisrakh Jalalpur, Noida, Greater Noida, Uttar Pradesh 201318, India"
Bhuvneswar Gupta,active,sell,RP-GRE-RES-20116,Bhuvneswar Gupta,"Panchsheel Greens 2, 16, Greater, Greater Noida West, Panchsheel Greens 2, Ithaira, Uttar Pradesh 201318, India"
Bhuvneswar Gupta,active,sell,RP-GRE-RES-20533,Bhuvneswar Gupta,"Gaur City-1, Greater Noida West"
Bhuvneswar Gupta,active,sell,RP-GRE-RES-20534,Bhuvneswar Gupta,"Gaur City-1, Greater Noida West"
Bhuvneswar Gupta,active,sell,RP-GRE-RES-20535,Bhuvneswar Gupta,"Gaur City-1, Greater Noida West"
Bhuvneswar Gupta,active,sell,RP-GRE-RES-20536,Bhuvneswar Gupta,"Gaur City-2, Greater Noida West"
Bhuvneswar Gupta,active,sell,RP-GRE-RES-20537,Bhuvneswar Gupta,"Gaur City-2, Greater Noida West"
Bhuvneswar Gupta,active,sell,RP-GRE-RES-20538,Bhuvneswar Gupta,"Gaur City-2, Greater Noida West"
Bhuvneswar Gupta,active,sell,RP-GRE-RES-20539,Bhuvneswar Gupta,"Gaur City-2, Greater Noida West"
Bhuvneswar Gupta,active,sell,RP-GRE-RES-20540,Bhuvneswar Gupta,"Gaur City-2, Greater Noida West"
Bhuvneswar Gupta,active,sell,RP-GRE-RES-20541,Bhuvneswar Gupta,"Gaur City-2, Greater Noida West"
Bhuvneswar Gupta,active,sell,RP-GRE-RES-20542,Bhuvneswar Gupta,"Gaur City-2, Greater Noida West"
Bhuvneswar Gupta,active,sell,RP-GRE-RES-20543,Bhuvneswar Gupta,"Gaur City-2, Greater Noida West"
Bhuvneswar Gupta,active,sell,RP-GRE-RES-20544,Bhuvneswar Gupta,"Gaur City-2, Greater Noida West"
Bhuvneswar Gupta,active,sell,RP-GRE-RES-20545,Bhuvneswar Gupta,"Gaur City-2, Greater Noida West"
Bhuvneswar Gupta,active,sell,RP-GRE-RES-20546,Bhuvneswar Gupta,"Gaur City-2, Greater Noida West"
Bhuvneswar Gupta,active,sell,RP-GRE-RES-20547,Bhuvneswar Gupta,"Gaur City-2, Greater Noida West"
Bhuvneswar Gupta,active,sell,RP-GRE-RES-20548,Bhuvneswar Gupta,"Gaur City-2, Greater Noida West"
Bhuvneswar Gupta,active,sell,RP-GRE-RES-20549,Bhuvneswar Gupta,"Gaur City-2, Greater Noida West"
Bhuvneswar Gupta,active,sell,RP-GRE-RES-20550,Bhuvneswar Gupta,"Gaur City-2, Greater Noida West"
Bhuvneswar Gupta,active,sell,RP-GRE-RES-20551,Bhuvneswar Gupta,"Gaur City- 2, Greater Noida West"
Bhuvneswar Gupta,active,sell,RP-GRE-RES-20552,Bhuvneswar Gupta,"Gaur City-2, Greater Noida West"
Bhuvneswar Gupta,active,sell,RP-GRE-RES-20553,Bhuvneswar Gupta,"Gaur City-2, Greater Noida West"
Bhuvneswar Gupta,active,sell,RP-GRE-RES-20554,Bhuvneswar Gupta,"Gaur City-2, Greater Noida West"
Bhuvneswar Gupta,active,sell,RP-GRE-RES-20555,Bhuvneswar Gupta,"Gaur City-2, Greater Noida West"
Bhuvneswar Gupta,active,sell,RP-GRE-RES-20556,Bhuvneswar Gupta,"Gaur City-2, Greater Noida West"
Bhuvneswar Gupta,active,sell,RP-GRE-RES-20557,Bhuvneswar Gupta,"Tech Zone-4, Greater Noida West"
Bhuvneswar Gupta,active,sell,RP-GRE-RES-20558,Bhuvneswar Gupta,"Tech Zone-4, Greater Noida West"
Bhuvneswar Gupta,active,sell,RP-GRE-RES-20559,Bhuvneswar Gupta,"Tech Zone-4, Greater Noida West"
Bhuvneswar Gupta,active,sell,RP-GRE-RES-20560,Bhuvneswar Gupta,"Gaur City-2, Greater Noida West"
Bhuvneswar Gupta,active,sell,RP-GRE-RES-20561,Bhuvneswar Gupta,"Tech Zone-4, Greater Noida West"
Bhuvneswar Gupta,active,sell,RP-GRE-RES-20562,Bhuvneswar Gupta,"Gaur City-2, Greater Noida West"
Bhuvneswar Gupta,active,sell,RP-GRE-RES-20563,Bhuvneswar Gupta,"Tech Zone-4, Greater Noida West"
Bhuvneswar Gupta,active,sell,RP-GRE-RES-20564,Bhuvneswar Gupta,"Tech Zone-4, Greater Noida West"
Bhuvneswar Gupta,active,sell,RP-GRE-RES-20565,Bhuvneswar Gupta,"Tech Zone-4, Greater Noida West"
Bhuvneswar Gupta,active,sell,RP-GRE-RES-20566,Bhuvneswar Gupta,"Tech Zone-4, Greater Noida West"
Bhuvneswar Gupta,active,sell,RP-GRE-RES-20567,Bhuvneswar Gupta,"Tech Zone-4, Greater Noida West"
Bhuvneswar Gupta,active,sell,RP-GRE-RES-20568,Bhuvneswar Gupta,"Sector-1, Greater Noida West"
Bhuvneswar Gupta,active,sell,RP-GRE-RES-20569,Bhuvneswar Gupta,"Sector-1, Greater Noida West"
Bhuvneswar Gupta,active,sell,RP-GRE-RES-20570,Bhuvneswar Gupta,"Sector-1, Greater Noida West"
Bhuvneswar Gupta,active,sell,RP-GRE-RES-20571,Bhuvneswar Gupta,"Sector-1, Greater Noida West"
Bhuvneswar Gupta,active,sell,RP-GRE-RES-20572,Bhuvneswar Gupta,"Sector-1, Greater Noida West"
Bhuvneswar Gupta,active,sell,RP-GRE-RES-20573,Bhuvneswar Gupta,"Sector-1, Greater Noida West"
Bhuvneswar Gupta,active,sell,RP-GRE-RES-20574,Bhuvneswar Gupta,"Sector-16B, Greater Noida West"
Bhuvneswar Gupta,active,sell,RP-GRE-RES-20575,Bhuvneswar Gupta,"Sector-16B, Greater Noida West"
Bhuvneswar Gupta,active,sell,RP-GRE-RES-20576,Bhuvneswar Gupta,"Sector-16B, Greater Noida West"
Bhuvneswar Gupta,active,sell,RP-GRE-RES-20577,Bhuvneswar Gupta,"Sector-16B, Greater Noida West"
Bhuvneswar Gupta,active,sell,RP-GRE-RES-20578,Bhuvneswar Gupta,"Sector-16B, Greater Noida West"
Bhuvneswar Gupta,active,sell,RP-GRE-RES-20579,Bhuvneswar Gupta,"Sector-16B, Greater Noida West"
Bhuvneswar Gupta,active,sell,RP-GRE-RES-20580,Bhuvneswar Gupta,"Sector-16B, Greater Noida West"
Bhuvneswar Gupta,active,sell,RP-GRE-RES-20581,Bhuvneswar Gupta,"Sector-16B, Greater Noida West"
Bhuvneswar Gupta,active,sell,RP-GRE-RES-20582,Bhuvneswar Gupta,"Sector-16B, Greater Noida West"
Bhuvneswar Gupta,active,sell,RP-GRE-RES-20583,Bhuvneswar Gupta,"Sector-16B, Greater Noida West"
Bhuvneswar Gupta,active,sell,RP-GRE-RES-20584,Bhuvneswar Gupta,"Sector-16B, Greater Noida West"
Bhuvneswar Gupta,active,sell,RP-GRE-RES-20585,Bhuvneswar Gupta,"Sector-16B, Greater Noida West"
Bhuvneswar Gupta,active,sell,RP-GRE-RES-20586,Bhuvneswar Gupta,"Sector-16B, Greater Noida West"
Bhuvneswar Gupta,active,sell,RP-GRE-RES-20587,Bhuvneswar Gupta,"Sector-16B, Greater Noida West"
Bhuvneswar Gupta,active,sell,RP-GRE-RES-20588,Bhuvneswar Gupta,"Sector-16B, Greater Noida West"
Bhuvneswar Gupta,active,sell,RP-GRE-RES-20589,Bhuvneswar Gupta,"Sector-16B, Greater Noida West"
Bhuvneswar Gupta,active,sell,RP-GRE-RES-20590,Bhuvneswar Gupta,"Sector-16B, Greater Noida West"
Bhuvneswar Gupta,active,sell,RP-GRE-RES-20591,Bhuvneswar Gupta,"Sector-16B, Greater Noida West"
Bhuvneswar Gupta,active,sell,RP-GRE-RES-20592,Bhuvneswar Gupta,"Sector-16B, Greater Noida West"
Bhuvneswar Gupta,active,sell,RP-GRE-RES-20593,Bhuvneswar Gupta,"Tech Zone-4, Greater Noida West"
Bhuvneswar Gupta,active,sell,RP-GRE-RES-20594,Bhuvneswar Gupta,Greater Noida West
Bhuvneswar Gupta,active,sell,RP-GRE-RES-20595,Bhuvneswar Gupta,"Gaur City-2, Greater Noida West"
Bhuvneswar Gupta,active,sell,RP-GRE-RES-20596,Bhuvneswar Gupta,"Gaur City-2, Greater Noida West"
Bhuvneswar Gupta,active,sell,RP-GRE-RES-20597,Bhuvneswar Gupta,"Gaur City-1, Greater Noida West"
Bhuvneswar Gupta,active,sell,RP-GRE-RES-20598,Bhuvneswar Gupta,"Gaur City-1, Greater Noida West"
Bhuvneswar Gupta,active,sell,RP-GRE-RES-20599,Bhuvneswar Gupta,"Gaur City-2, Greater Noida West"
Bhuvneswar Gupta,active,sell,RP-GRE-RES-20600,Bhuvneswar Gupta,"Gaur City-2, Greater Noida West"
Bhuvneswar Gupta,active,sell,RP-GRE-RES-20601,Bhuvneswar Gupta,"Gaur City-2, Greater Noida West"
Bhuvneswar Gupta,active,sell,RP-GRE-RES-20602,Bhuvneswar Gupta,"Gaur City-2, Greater Noida West"
Bhuvneswar Gupta,active,sell,RP-GRE-RES-20603,Bhuvneswar Gupta,"Gaur City-2, Greater Noida West"
Bhuvneswar Gupta,active,sell,RP-GRE-RES-20604,Bhuvneswar Gupta,"Gaur City-2, Greater Noida West"
Bhuvneswar Gupta,active,sell,RP-GRE-RES-20605,Bhuvneswar Gupta,"Gaur City-2, Greater Noida West"
Bhuvneswar Gupta,active,sell,RP-GRE-RES-20606,Bhuvneswar Gupta,"Tech Zone-4, Greater Noida West"
Bhuvneswar Gupta,active,sell,RP-GRE-RES-20607,Bhuvneswar Gupta,"Tech Zone-4, Greater Noida West"
Bhuvneswar Gupta,active,sell,RP-GRE-RES-20608,Bhuvneswar Gupta,"Sector-16B, Greater Noida West"
Bhuvneswar Gupta,active,sell,RP-GRE-RES-20609,Bhuvneswar Gupta,"Sector-16B, Greater Noida West"
Bhuvneswar Gupta,active,sell,RP-GRE-RES-20610,Bhuvneswar Gupta,"Sector-16B, Greater Noida West"
Bhuvneswar Gupta,active,sell,RP-GRE-RES-20611,Bhuvneswar Gupta,"Sector-1, Greater Noida West"
Bhuvneswar Gupta,active,sell,RP-GRE-RES-20612,Bhuvneswar Gupta,"Gaur City-2, Greater Noida West"
Bhuvneswar Gupta,active,sell,RP-GRE-RES-20613,Bhuvneswar Gupta,"Gaur City-2, Greater Noida West"
Bhuvneswar Gupta,active,sell,RP-GRE-RES-20614,Bhuvneswar Gupta,"Gaur City-2, Greater Noida West"
Bhuvneswar Gupta,active,sell,RP-GRE-RES-20615,Bhuvneswar Gupta,"Gaur City-2, Greater Noida West"
Bhuvneswar Gupta,active,sell,RP-GRE-RES-20616,Bhuvneswar Gupta,"Gaur City-1, Greater Noida West"
Bhuvneswar Gupta,active,sell,RP-GRE-RES-20617,Bhuvneswar Gupta,"Gaur City-1, Greater Noida West"
Bhuvneswar Gupta,active,sell,RP-GRE-RES-20618,Bhuvneswar Gupta,"Gaur City-1, Greater Noida West"
Bhuvneswar Gupta,active,sell,RP-GRE-RES-20619,Bhuvneswar Gupta,"Gaur City-1, Greater Noida West"
Bhuvneswar Gupta,active,sell,RP-GRE-RES-20620,Bhuvneswar Gupta,"Tech Zone-4, Greater Noida West"
Bhuvneswar Gupta,active,sell,RP-GRE-RES-20621,Bhuvneswar Gupta,"Tech Zone-4, Greater Noida West"
Bhuvneswar Gupta,active,sell,RP-GRE-RES-20622,Bhuvneswar Gupta,"Sector-1, Greater Noida West"
Bhuvneswar Gupta,active,sell,RP-GRE-RES-20623,Bhuvneswar Gupta,"Sector-1, Greater Noida West"
Bhuvneswar Gupta,active,sell,RP-GRE-RES-20624,Bhuvneswar Gupta,"Sector-2, Greater Noida West"
Bhuvneswar Gupta,active,sell,RP-GRE-RES-20625,Bhuvneswar Gupta,"Gaur City-2, Greater Noida West"
Bhuvneswar Gupta,active,sell,RP-GRE-RES-20626,Bhuvneswar Gupta,"Gaur City-2, Greater Noida West"
Bhuvneswar Gupta,active,sell,RP-GRE-RES-20627,Bhuvneswar Gupta,"Sector-1, Greater Noida West"
Bhuvneswar Gupta,active,sell,RP-GRE-RES-20628,Bhuvneswar Gupta,"Sector-1, Greater Noida West"
Bhuvneswar Gupta,active,sell,RP-GRE-RES-20629,Bhuvneswar Gupta,"Tech Zone-4, Greater Noida West"
Bhuvneswar Gupta,active,sell,RP-GRE-RES-20630,Bhuvneswar Gupta,"Sector-2, Greater Noida West"
Bhuvneswar Gupta,active,sell,RP-GRE-RES-20631,Bhuvneswar Gupta,"Secctor-16B, Greater Noida West"
Bhuvneswar Gupta,active,sell,RP-GRE-RES-20632,Bhuvneswar Gupta,"Sector-16B, Greater Noida West"
Bhuvneswar Gupta,active,sell,RP-GRE-RES-20633,Bhuvneswar Gupta,"Sector-16B, Greater Noida West"
Bhuvneswar Gupta,active,sell,RP-GRE-RES-20634,Bhuvneswar Gupta,"Tech Zone-4, Greater Noida West"
Bhuvneswar Gupta,active,sell,RP-GRE-RES-20635,Bhuvneswar Gupta,"Tech Zone-4, Greater Noida West"
Bhuvneswar Gupta,active,sell,RP-GRE-RES-20636,Bhuvneswar Gupta,"Tech Zone-4, Greater Noida West"
Bhuvneswar Gupta,active,sell,RP-GRE-RES-20637,Bhuvneswar Gupta,"Tech Zone-4, Greater Noida West"
Bhuvneswar Gupta,active,sell,RP-GRE-RES-20638,Bhuvneswar Gupta,"Techzone-4, Greater Noida West"
Bhuvneswar Gupta,active,sell,RP-GRE-RES-20639,Bhuvneswar Gupta,"Techzone-4, Greater Noida West"
Bhuvneswar Gupta,active,sell,RP-GRE-RES-20640,Bhuvneswar Gupta,"Techzone-4, Greater Noida West"
Bhuvneswar Gupta,active,sell,RP-GRE-RES-20641,Bhuvneswar Gupta,"Gaur City-2, Greater Noida West"
Bhuvneswar Gupta,active,sell,RP-GRE-RES-20642,Bhuvneswar Gupta,"Gaur City-2, Greater Noida West"
Bhuvneswar Gupta,active,sell,RP-GRE-RES-20643,Bhuvneswar Gupta,"Gaur City-1, Greater Noida West"
Bhuvneswar Gupta,active,sell,RP-GRE-RES-20644,Bhuvneswar Gupta,"Tech Zone-4, Greater Noida West"
Bhuvneswar Gupta,active,sell,RP-GRE-RES-20645,Bhuvneswar Gupta,"Gaur City-1, Greater Noida West"
Bhuvneswar Gupta,active,sell,RP-GRE-RES-20646,Bhuvneswar Gupta,"Gaur City-1, Greater Noida West"
Bhuvneswar Gupta,active,sell,RP-GRE-RES-20647,Bhuvneswar Gupta,"Gaur City, Greater Noida West"
Bhuvneswar Gupta,active,sell,RP-GRE-RES-20648,Bhuvneswar Gupta,"Gaur City, Greater Noida West"
Bhuvneswar Gupta,active,sell,RP-GRE-RES-20649,Bhuvneswar Gupta,"Tech Zone-4, Greater Noida West"
Bhuvneswar Gupta,active,sell,RP-GRE-RES-20650,Bhuvneswar Gupta,"Setcor-1, Greater Noida West"
Bhuvneswar Gupta,active,sell,RP-GRE-RES-20651,Bhuvneswar Gupta,"Sector-1, Greater Noida West"
Bhuvneswar Gupta,active,sell,RP-GRE-RES-20652,Bhuvneswar Gupta,"Sector-1, Greater Noida West"
Bhuvneswar Gupta,active,sell,RP-GRE-RES-20653,Bhuvneswar Gupta,"Sector-1, Greater Noida West"
Bhuvneswar Gupta,active,sell,RP-GRE-RES-20654,Bhuvneswar Gupta,"Sector-16B, Greater Noida West"
Bhuvneswar Gupta,active,sell,RP-GRE-RES-20655,Bhuvneswar Gupta,"Sector-16B, Greater Noida West"
Bhuvneswar Gupta,active,sell,RP-GRE-RES-20656,Bhuvneswar Gupta,"Sector-16B, Greater Noida West"
Bhuvneswar Gupta,active,sell,RP-GRE-RES-20657,Bhuvneswar Gupta,"Sector-16B, Greater Noida West"
Bhuvneswar Gupta,active,sell,RP-GRE-RES-20658,Bhuvneswar Gupta,"Gaur City-1, Greater Noida West"
Bhuvneswar Gupta,active,sell,RP-GRE-RES-20659,Bhuvneswar Gupta,"Gaur City-1, Greater Noida West"
Bhuvneswar Gupta,active,sell,RP-GRE-RES-20660,Bhuvneswar Gupta,"Gaur City-1, Greater Noida West"
Bhuvneswar Gupta,active,sell,RP-GRE-RES-20661,Bhuvneswar Gupta,"Gaur City-1, Greater Noida West"
Bhuvneswar Gupta,active,sell,RP-GRE-RES-20662,Bhuvneswar Gupta,"Tech Zone-4, Greater Noida West"
Bhuvneswar Gupta,active,sell,RP-GRE-RES-20663,Bhuvneswar Gupta,"Tech Zone-4, Greater Noida West"
Bhuvneswar Gupta,active,sell,RP-GRE-RES-20664,Bhuvneswar Gupta,"Sector-2, Greater Noida West"
Bhuvneswar Gupta,active,sell,RP-GRE-RES-20665,Bhuvneswar Gupta,"Sector-1, Greater Noida West"
Bhuvneswar Gupta,active,sell,RP-GRE-RES-20666,Bhuvneswar Gupta,"Sector-10, Greater Noida West"
Bhuvneswar Gupta,active,sell,RP-GRE-RES-20667,Bhuvneswar Gupta,"Sector-16B, Greater Noida West"
Bhuvneswar Gupta,active,sell,RP-GRE-RES-20668,Bhuvneswar Gupta,"Sector-16B, Greater Noida West"
Bhuvneswar Gupta,active,sell,RP-GRE-RES-20669,Bhuvneswar Gupta,"Gaur City-1, Greater Noida West"
Bhuvneswar Gupta,active,sell,RP-GRE-RES-20670,Bhuvneswar Gupta,"Gaur City-1, Greater Noida West"
Bhuvneswar Gupta,active,sell,RP-GRE-RES-20671,Bhuvneswar Gupta,"Gaur City-2, Greater Noida West"
Bhuvneswar Gupta,active,sell,RP-GRE-RES-20672,Bhuvneswar Gupta,"Gaur City-2, Greater Noida West"
Bhuvneswar Gupta,active,sell,RP-GRE-RES-20673,Bhuvneswar Gupta,"Gaur City-2, Greater Noida West"
Bhuvneswar Gupta,active,sell,RP-GRE-RES-20674,Bhuvneswar Gupta,"Gaur City-2, Greater Noida West"
Bhuvneswar Gupta,active,sell,RP-GRE-RES-20675,Bhuvneswar Gupta,"Sector-1, Greater Noida West"
Bhuvneswar Gupta,active,sell,RP-GRE-RES-20676,Bhuvneswar Gupta,"Sector-1, Greater Noida West"
Bhuvneswar Gupta,active,sell,RP-GRE-RES-20677,Bhuvneswar Gupta,"Sector-1, Greater Noida West"
Bhuvneswar Gupta,active,sell,RP-GRE-RES-20678,Bhuvneswar Gupta,"Sector-2, Greater Noida West"
Bhuvneswar Gupta,active,sell,RP-GRE-RES-20679,Bhuvneswar Gupta,"Sector-2, Greater Noida West"
Bhuvneswar Gupta,active,sell,RP-GRE-RES-20680,Bhuvneswar Gupta,"Tech Zone-4, Greater Noida West"
Bhuvneswar Gupta,active,sell,RP-GRE-RES-20681,Bhuvneswar Gupta,"Sector-16B, Greater Noida West"
Bhuvneswar Gupta,active,sell,RP-GRE-RES-20682,Bhuvneswar Gupta,"Sector-16B, Greater Noida West"
Bhuvneswar Gupta,active,sell,RP-GRE-RES-20683,Bhuvneswar Gupta,"Gaur City-2, Greater Noida West"
Bhuvneswar Gupta,active,sell,RP-GRE-RES-20684,Bhuvneswar Gupta,"Tech Zone-4, Greater Noida West"
Bhuvneswar Gupta,active,sell,RP-GRE-RES-20685,Bhuvneswar Gupta,"Tech Zone-4, Greater Noida West"
Bhuvneswar Gupta,active,sell,RP-GRE-RES-20686,Bhuvneswar Gupta,"Tech Zone-4, Greater Noida West"
Bhuvneswar Gupta,active,sell,RP-GZB-RES-20022,Bhuvneswar Gupta,"Ramprastha Greens, Vaishali, Ghaziabad, Uttar Pradesh, India"
Bhuvneswar Gupta,active,sell,RP-GZB-RES-20076,Bhuvneswar Gupta,"Antriksh Green Apt Rd, Bhuapur Village, Kaushambi, Ghaziabad, Uttar Pradesh 201010, India"
Bhuvneswar Gupta,active,sell,RP-SEC-RES-20115,Bhuvneswar Gupta,"Nirala Aspire, Nirala Aspire Tower D-5, NIRALA ASPIRE, GH-03, Sector 16, Panchsheel Greens 2, Ithaira, Uttar Pradesh 201318, India"
Bobby Yadav,active,sell,RP-GZB-RES-20091,Bobby Yadav,"Sector 4, Vaishali, Ghaziabad, Uttar Pradesh 201019, India"
Bobby Yadav,active,sell,RP-GZB-RES-20092,Bobby Yadav,"Mahagun Mosaic Phase 1, Sector 4, Vaishali, Ghaziabad, Uttar Pradesh 201019, India"
Bobby Yadav,active,sell,RP-GZB-RES-20094,Bobby Yadav,"Sector 3, Vaishali, Ghaziabad, Uttar Pradesh, India"
Bobby Yadav,active,sell,RP-GZB-RES-20159,Bobby Yadav,"PEARL COURT, Ramprastha Green Rd, Vaishali Extension, Vaishali Sector - 6, Vaishali, Ghaziabad, Uttar Pradesh 201019, India"
Bobby Yadav,active,sell,RP-GZB-RES-20185,Bobby Yadav,"Aditya Mega City, Vaibhav Khand, Indirapuram, Ghaziabad, Uttar Pradesh 201014, India"
Bobby Yadav,active,sell,RP-GZB-RES-20186,Bobby Yadav,"Leela Homes, 15, PNB Rd, Sector 4, Vaishali, Ghaziabad, Uttar Pradesh 201019, India"
Bobby Yadav,active,rent,RP-GZB-RES-20246,Bobby Yadav,Vaishali sector 4
Bobby Yadav,active,sell,RP-GZB-RES-20250,Bobby Yadav,"Sector 5, Vaishali, Ghaziabad, Uttar Pradesh, India"
Bobby Yadav,active,sell,RP-GZB-RES-20251,Bobby Yadav,"Leela Homes, Sector 4, Vaishali, Ghaziabad, Uttar Pradesh 201019, India"
Bobby Yadav,active,sell,RP-GZB-RES-20302,Bobby Yadav,"J8RR+9RJ Amrapali Vaishali, Amrapali Apartment, Block C, Sector 3, Vaishali, Ghaziabad, Uttar Pradesh 201019, India"
Bobby Yadav,active,sell,RP-GZB-RES-20304,Bobby Yadav,"Sector 4, Vaishali, Ghaziabad, Uttar Pradesh 201019, India"
Bobby Yadav,active,sell,RP-GZB-RES-20305,Bobby Yadav,"Leela Homes, Sector 4, Vaishali, Ghaziabad, Uttar Pradesh 201019, India"
Bobby Yadav,active,sell,RP-GZB-RES-20306,Bobby Yadav,"Mahagun Mosaic, Sector 4, Vaishali, Ghaziabad, Uttar Pradesh 201019, India"
Bobby Yadav,active,sell,RP-GZB-RES-20307,Bobby Yadav,"Sector 4, Vaishali, Ghaziabad, Uttar Pradesh 201019, India"
Bobby Yadav,active,rent,RP-GZB-RES-20308,Bobby Yadav,"Leela Homes, Sector 4, Vaishali, Ghaziabad, Uttar Pradesh 201019, India"
Bobby Yadav,active,sell,RP-GZB-RES-20422,Bobby Yadav,"Skytech Magadh, Skytech Magadh, Block C, Sector 3, Vaishali, Ghaziabad, Uttar Pradesh 201019, India"
Bobby Yadav,active,sell,RP-MEE-RES-20247,Bobby Yadav,"Sector 4, Vaishali, Ghaziabad, Uttar Pradesh 201019, India"
Bobby Yadav,active,sell,RP-MEE-RES-20248,Bobby Yadav,"Sector 4, Vaishali, Ghaziabad, Uttar Pradesh 201019, India"
Bobby Yadav,active,sell,RP-MEE-RES-20249,Bobby Yadav,"Sector 4, Vaishali, Ghaziabad, Uttar Pradesh 201019, India"
Hardiq,active,sell,RP-GZB-COM-20028,Hardiq,"Vaishali, Ghaziabad, Uttar Pradesh, India"
Hardiq,active,rent,RP-GZB-COM-20031,Hardiq,"Vaishali, Ghaziabad, Uttar Pradesh, India"
Hardiq,active,sell,RP-GZB-RES-20016,Hardiq,"Vaishali, Ghaziabad, Uttar Pradesh, India"
Hardiq,active,sell,RP-GZB-RES-20019,Hardiq,"B4, 207, Niti khand 1, Ghaziabad, Indirapuram, Ghaziabad, Uttar Pradesh"
Hardiq,active,sell,RP-GZB-RES-20020,Hardiq,"Indirapuram, Ghaziabad, Uttar Pradesh, India"
Hardiq,active,sell,RP-GZB-RES-20033,Hardiq,"51, Ramprastha Greens, Ghaziabad, Vaishali, Ghaziabad, Uttar Pradesh"
Hardiq,active,sell,RP-GZB-RES-20090,Hardiq,"Sector 3, Panchsheel Pebbles, Ghaziabad, Vaishali, Ghaziabad, Uttar Pradesh"
Hardiq,active,sell,RP-GZB-RES-20517,Hardiq,"F1, 43A, Indirapuram, Shakti Khand 2, Ghaziabad, Uttar Pradesh"
Hardiq,active,sell,RP-KAU-COM-20527,Hardiq,"Kaushambi, Kaushambi, Uttar Pradesh - 212214"
Hardiq,active,rent,RP-MEE-COM-20182,Hardiq,"Vaishali, Ghaziabad, Uttar Pradesh, India"
Hardiq,active,rent,RP-MEE-COM-20190,Hardiq,"Vaishali, Ghaziabad, Uttar Pradesh, India"
Hardiq,active,rent,RP-MEE-COM-20427,Hardiq,"Indirapuram, Ghaziabad, Uttar Pradesh, India"
Hardiq,active,sell,RP-MEE-RES-20300,Hardiq,"Vaishali, Ghaziabad, Uttar Pradesh, India"
Hardiq,active,sell,RP-MEE-RES-20301,Hardiq,"Indirapuram, Ghaziabad, Uttar Pradesh, India"
Hardiq,active,sell,RP-MEE-RES-20345,Hardiq,"Indirapuram, Ghaziabad, Uttar Pradesh, India"
Hardiq,active,sell,RP-MEE-RES-20359,Hardiq,"902, Sector 3, plot no 11, 11/1, Dharam Marg, Block C, Sector 4, Vaishali, Ghaziabad, Uttar Pradesh 201019, India, Sector 3, Vaishali, Ghaziabad, Uttar Pradesh - 201019"
Hardiq,active,sell,RP-MEE-RES-20395,Hardiq,"Vaishali, Ghaziabad, Uttar Pradesh, India"
Hardiq,active,sell,RP-MEE-RES-20396,Hardiq,"Vaishali, Ghaziabad, Uttar Pradesh, India"
Hardiq,active,rent,RP-MEE-RES-20413,Hardiq,"Vasundhara, Ghaziabad, Uttar Pradesh, India"
Hardiq,active,sell,RP-MEE-RES-20429,Hardiq,"Vaishali, Ghaziabad, Uttar Pradesh, India"
Hardiq,active,sell,RP-MEE-RES-20436,Hardiq,"Vaishali, Ghaziabad, Uttar Pradesh, India"
Hardiq,inactive,sell,RP-GZB-RES-20129,Hardiq,"PLATINUM HEIGHTS-1, Ramprastha Greens, Vaishali, Ghaziabad, Uttar Pradesh 201019, India"
Hardiq,inactive,sell,RP-GZB-RES-20460,Hardiq,"Sector 9, Vaishali Extension, Ramprastha Greens, Vaishali, Ghaziabad, Uttar Pradesh 201019, India"
Hardiq,inactive,sell,RP-MEE-RES-20161,Hardiq,"Vaishali, Ghaziabad, Uttar Pradesh, India"
Hardiq,inactive,sell,RP-MEE-RES-20346,Hardiq,"Nyay Khand I, Indirapuram, Ghaziabad, Uttar Pradesh, India"
Manish Gupta,active,sell,RP-GNO-RES-20046,Manish Gupta,"Nirala Greenshire, NIRALA GREENSHIRE, Noida-Greater Noida Link Rd, Sector 2, Patwari, Greater Noida, Uttar Pradesh 201318, India"
Manish Gupta,active,sell,RP-GNO-RES-20047,Manish Gupta,"JM Florence Ln, Amrapali Dream Valley, Greater Noida, Uttar Pradesh 201318, India"
Manish Gupta,active,sell,RP-GNO-RES-20049,Manish Gupta,"Fusion Homes, Tech Zone IV, Amrapali Dream Valley, Greater Noida, Ithaira, Uttar Pradesh 201318, India"
Manish Gupta,active,sell,RP-GNO-RES-20050,Manish Gupta,"2, Greater Noida W Rd, Noida Phase-2, Gaur City 2, Greater Noida, Chipyana Khurd Urf Tigri, Uttar Pradesh 201009, India"
Manish Gupta,active,rent,RP-GNO-RES-20051,Manish Gupta,"APEX SPLENDOUR GH5, opposite D MART, Amrapali Dream Valley, Greater Noida, Ithaira, Uttar Pradesh 201318, India"
Manish Gupta,active,sell,RP-GNO-RES-20262,Manish Gupta,"NIRALA ESTATE, 303, Greater Noida W Rd, Patwari, Greater Noida, Uttar Pradesh 201318, India"
Manish Gupta,active,sell,RP-GNO-RES-20264,Manish Gupta,"1, Greater Noida W Rd, Greater Noida West, Greater Noida, Ghaziabad, Uttar Pradesh 201318, India"
Manish Gupta,active,sell,RP-GZB-RES-20039,Manish Gupta,"Sector 3, Vasundhara, Ghaziabad, Uttar Pradesh 201012, India"
Manish Gupta,active,sell,RP-MEE-RES-20261,Manish Gupta,"Coco County, Vaidpura, Greater Noida, Uttar Pradesh 203207, India"
Manish Gupta,active,sell,RP-NOI-RES-20263,Manish Gupta,"Sector 2, Noida, Uttar Pradesh 201301, India"
Manish Gupta,active,sell,RP-NOI-RES-20265,Manish Gupta,"Sector 16, Noida, Uttar Pradesh 201301, India"
Navneet Rajput,active,sell,RP-GZB-COM-20085,Navneet Rajput,"Vaishali, Ghaziabad, Uttar Pradesh, India"
Navneet Rajput,active,sell,RP-GZB-RES-20012,Navneet Rajput,"F3, 22, Vaishali sector 5, Ghaziabad, Vaishali, Ghaziabad, Uttar Pradesh"
Navneet Rajput,active,sell,RP-GZB-RES-20081,Navneet Rajput,"Vaishali, Ghaziabad, Uttar Pradesh, India"
Navneet Rajput,active,sell,RP-GZB-RES-20082,Navneet Rajput,"Vaishali, Ghaziabad, Uttar Pradesh, India"
Navneet Rajput,active,sell,RP-GZB-RES-20083,Navneet Rajput,"Vaishali, Ghaziabad, Uttar Pradesh, India"
Navneet Rajput,active,sell,RP-GZB-RES-20084,Navneet Rajput,"Vaishali, Ghaziabad, Uttar Pradesh, India"
Navneet Rajput,active,sell,RP-GZB-RES-20109,Savikant Sharma,"Sector 5, Vaishali, Ghaziabad, Uttar Pradesh, India"
Navneet Rajput,inactive,sell,RP-GZB-RES-20077,Navneet Rajput,"Sector 5, Vaishali, Ghaziabad, Uttar Pradesh, India"
Navneet Rajput,inactive,sell,RP-GZB-RES-20079,Navneet Rajput,"Vaishali, Ghaziabad, Uttar Pradesh, India"
Pawan Rastogi,active,sell,RP-GZB-RES-20095,Pawan Rastogi,"Sector 5, Vaishali, Ghaziabad, Uttar Pradesh, India"
Pooja,active,sell,RP-GZB-RES-20003,Pooja,"Ghaziabad, Uttar Pradesh, India"
Pooja,active,sell,RP-GZB-RES-20055,Pooja,"Divyansh Pratham, Indirapuram, Ghaziabad, Uttar Pradesh 201014, India"
Pooja,active,sell,RP-GZB-RES-20057,Pooja,"Plot No-10, Mahagun Mosaic Phase 1, Shipra, Phase 1, Sector 4, Vaishali, Ghaziabad, Uttar Pradesh 201019, India"
Pooja,active,sell,RP-GZB-RES-20104,Savikant Sharma,"Regent, Shipra Suncity, Indirapuram, Ghaziabad, Uttar Pradesh 201014"
Pooja,active,sell,RP-GZB-RES-20105,Savikant Sharma,"Regent, Shipra Suncity, Indirapuram, Ghaziabad, Uttar Pradesh 201014"
Pooja,active,sell,RP-GZB-RES-20119,Pooja,"Vasundhara, Ghaziabad, Uttar Pradesh, India"
Pooja,active,sell,RP-GZB-RES-20332,Pooja,"Vaishali, Ghaziabad, Uttar Pradesh, India"
Puneet Bhardwaj,active,rent,RP-GZB-RES-20048,Puneet Bhardwaj,"Seemant Vihar Society, Sector 14, Vaishali, Ghaziabad, Uttar Pradesh, India"
Raghav,active,sell,RP-GZB-RES-20017,Raghav,"Sector 4, Vaishali, Ghaziabad, Uttar Pradesh 201019, India"
Raghav,active,sell,RP-GZB-RES-20059,Raghav,"Sector 4, Vaishali, Ghaziabad, Uttar Pradesh 201019, India"
Raghav,active,rent,RP-GZB-RES-20690,Bharat Bhushan,"Aman Castle, Sector 4, Vaishali, Ghaziabad, Uttar Pradesh 201019, India"
Ravindra Prajapati,active,sell,RP-GZB-COM-20023,Ravindra Prajapati,"Site 4, Sahibabad Industrial Area Site 4, Sahibabad, Ghaziabad, Uttar Pradesh 201010, India"
Ravindra Prajapati,active,rent,RP-GZB-COM-20027,Ravindra Prajapati,"Sahibabad Industrial Area Site 4, Sahibabad, Ghaziabad, Uttar Pradesh, India"
Ravindra Prajapati,active,rent,RP-GZB-COM-20029,Ravindra Prajapati,"Site 4, Sahibabad Industrial Area Site 4, Sahibabad, Ghaziabad, Uttar Pradesh 201010, India"
Ravindra Prajapati,active,sell,RP-GZB-COM-20030,Ravindra Prajapati,"Site 4, Sahibabad Industrial Area Site 4, Sahibabad, Ghaziabad, Uttar Pradesh 201010, India"
Ravindra Prajapati,active,sell,RP-GZB-COM-20067,Ravindra Prajapati,"Sector 3, Vasundhara, Ghaziabad, Uttar Pradesh 201012, India"
Ravindra Prajapati,active,sell,RP-GZB-COM-20068,Ravindra Prajapati,"Sector 4, Vaishali, Ghaziabad, Uttar Pradesh 201019, India"
Ravindra Prajapati,active,sell,RP-GZB-COM-20069,Ravindra Prajapati,"Sector 4, Vaishali, Ghaziabad, Uttar Pradesh 201019, India"
Ravindra Prajapati,active,sell,RP-GZB-COM-20138,Ravindra Prajapati,"144, Ghaziabad, Kavi Nagar, Ghaziabad, Uttar Pradesh - 201002"
Ravindra Prajapati,active,rent,RP-GZB-COM-20162,Ravindra Prajapati,"Modinagar, Ghaziabad, Uttar Pradesh - 201010"
Ravindra Prajapati,active,sell,RP-GZB-COM-20386,Ravindra Prajapati,Ghaziabad
Ravindra Prajapati,active,sell,RP-GZB-COM-20419,Ravindra Prajapati,Mohan nagar site 2
Ravindra Prajapati,active,rent,RP-GZB-COM-20457,Ravindra Prajapati,"Indirapuram, Shakti Khand , Ghaziabad, Uttar Pradesh"
Ravindra Prajapati,active,rent,RP-GZB-COM-20458,Ravindra Prajapati,"Loha Mandi, Bulandshahr Road Industrial Area, Ghaziabad, Uttar Pradesh - 201009"
Ravindra Prajapati,active,sell,RP-GZB-COM-20469,Ravindra Prajapati,"Masuri, Ghaziabad, Uttar Pradesh - 201015"
Ravindra Prajapati,active,sell,RP-GZB-COM-20482,Ravindra Prajapati,"Dasna Dhaulna Gulawati Marg, Ghaziabad, Uttar Pradesh"
Ravindra Prajapati,active,sell,RP-GZB-COM-20490,Ravindra Prajapati,"Plot no 340, Sector 4, Vaishali, Ghaziabad, Uttar Pradesh - 201019"
Ravindra Prajapati,active,sell,RP-GZB-RES-20025,Ravindra Prajapati,"Sector 3, Vasundhara, Ghaziabad, Uttar Pradesh 201012, India"
Ravindra Prajapati,active,sell,RP-GZB-RES-20026,Ravindra Prajapati,"Sector 15, Vasundhara, Ghaziabad, Uttar Pradesh, India"
Ravindra Prajapati,active,sell,RP-GZB-RES-20032,Ravindra Prajapati,"Sector 13, Vasundhara, Ghaziabad, Uttar Pradesh, India"
Ravindra Prajapati,active,sell,RP-GZB-RES-20062,Ravindra Prajapati,"Shakti Khand 4, Indirapuram, Ghaziabad, Uttar Pradesh 201014, India"
Ravindra Prajapati,active,sell,RP-GZB-RES-20070,Ravindra Prajapati,"Niti Khand I, Indirapuram, Ghaziabad, Uttar Pradesh 201014, India"
Ravindra Prajapati,active,sell,RP-GZB-RES-20080,Ravindra Prajapati,"Sector 4, Vaishali, Ghaziabad, Uttar Pradesh 201019, India"
Ravindra Prajapati,active,sell,RP-GZB-RES-20183,Ravindra Prajapati,Vasundhara sec 2 c
Ravindra Prajapati,active,sell,RP-GZB-RES-20290,Ravindra Prajapati,Vasundhara
Ravindra Prajapati,active,sell,RP-KAU-RES-20075,Ravindra Prajapati,"196, Kaushambi, A block, Kaushambi, Uttar Pradesh - 212214"
Sahil Choudhary,active,sell,RP-GZB-RES-20430,Sahil Choudhary,Kaushabhi
Savikant Sharma,active,sell,RP-GZB-COM-20078,Savikant Sharma,"ANSAL PLAZA, Neelpadam Kunj Complex, Kamma 1, Vaishali, Ghaziabad, Uttar Pradesh 201010, India"
Savikant Sharma,active,sell,RP-GZB-COM-20108,Savikant Sharma,"Amity School Rd, Sector 6, Vasundhara, Ghaziabad, Uttar Pradesh 201012, India"
Savikant Sharma,active,sell,RP-GZB-RES-20009,Savikant Sharma,"Sector 4, Vaishali, Ghaziabad, Uttar Pradesh 201019, India"
Savikant Sharma,active,sell,RP-GZB-RES-20098,Savikant Sharma,"Sector 3, Vasundhara, Ghaziabad, Uttar Pradesh 201012, India"
Savikant Sharma,active,sell,RP-GZB-RES-20099,Savikant Sharma,"Sector 2A Rd, Sector 2A, Block C, Sector 2, Vaishali, Ghaziabad, Uttar Pradesh 201019, India"
Savikant Sharma,active,sell,RP-GZB-RES-20101,Savikant Sharma,"Sector 4, Vaishali, Ghaziabad, Uttar Pradesh 201019, India"
Savikant Sharma,active,sell,RP-MEE-RES-20139,Savikant Sharma,"Sector 4, Vaishali, Ghaziabad, Uttar Pradesh 201019, India"
Savikant Sharma,inactive,sell,RP-GZB-RES-20106,Savikant Sharma,"Sector 5, Vaishali, Ghaziabad, Uttar Pradesh, India"
Sumit Jardon,active,sell,RP-GZB-RES-20018,Sumit Jardon,"Sector 2, Vaishali, Ghaziabad, Uttar Pradesh, India"
Sumit Jardon,active,sell,RP-GZB-RES-20309,Sumit Jardon,"Vaishali, Ghaziabad, Uttar Pradesh, India"
Sumit Jardon,active,sell,RP-GZB-RES-20315,Sumit Jardon,"Vaishali, Ghaziabad, Uttar Pradesh, India"
Sumit Jardon,active,sell,RP-MEE-RES-20299,Navneet Rajput,"Sector 4, Vaishali, Ghaziabad, Uttar Pradesh 201019, India"
Sumit Jardon,active,sell,RP-VAI-AGR-20184,Sumit Jardon,"Vaishali, Ghaziabad, Uttar Pradesh, India"
Sunil Kasana,active,sell,RP-GZB-RES-20066,Savikant Sharma,"Sector 5, Vaishali, Ghaziabad, Uttar Pradesh, India"
Sunil Kasana,active,sell,RP-GZB-RES-20404,Sunil Kasana,"Indirapuram, Ghaziabad, Uttar Pradesh, India"
Sunil Kasana,active,sell,RP-MEE-RES-20303,Sunil Kasana,"Vaishali, Ghaziabad, Uttar Pradesh, India"
Tushar chaudhary,active,rent,RP-NOI-COM-20351,Tushar chaudhary,"26, D.9, Sector 70, Sector 70 noida, Noida, Uttar Pradesh - 201316"
Tushar chaudhary,active,rent,RP-NOI-COM-20352,Tushar chaudhary,"A.367, Sector 19 Noida, A, Noida, Uttar Pradesh - 201301"
Tushar chaudhary,active,rent,RP-NOI-COM-20353,Tushar chaudhary,"D.192, Sector 19 Noida, Noida, Uttar Pradesh - 201301"
Tushar chaudhary,active,rent,RP-NOI-COM-20354,Tushar chaudhary,"A 88, Sector 70 noida, Noida, Uttar Pradesh - 201316"
Vibhor Sharma,active,rent,RP-GZB-COM-20835,Ghanshyam Arora,"Cloud 9, Sector-1, Vaishali, Ghaziabad, Uttar Pradesh"
Vibhor Sharma,active,sell,RP-GZB-RES-20728,Tushar chaudhary,"A5, 170, Gyan Khand 1, Indirapuram, Ghaziabad, Uttar Pradesh"
Vinod Rajput,active,sell,RP-DEL-COM-20102,Savikant Sharma,"4732/21, Delhi, Daryaganj, Delhi, Delhi - 110002"
Vinod Rajput,active,sell,RP-GZB-COM-20024,Vinod Rajput,"Site 4, Sahibabad Industrial Area Site 4, Sahibabad, Ghaziabad, Uttar Pradesh 201010, India"
Vinod Rajput,active,sell,RP-GZB-COM-20132,Vinod Rajput,"c 1, 4, Shakti Khand, Shakti Khand 4, Indirapuram, Ghaziabad, Uttar Pradesh 201014, India"
Vinod Rajput,active,sell,RP-GZB-COM-20133,Vinod Rajput,"143, 2, Shakti Khand, Shakti Khand 2, Indirapuram, Ghaziabad, Uttar Pradesh 201014, India"
Vinod Rajput,active,sell,RP-GZB-COM-20150,Ashwani,"Kaushambi, Ghaziabad, Uttar Pradesh, India"
Vinod Rajput,active,sell,RP-GZB-COM-20340,Vinod Rajput,"Sector 3, Vasundhara, Ghaziabad, Uttar Pradesh 201012, India"
Vinod Rajput,active,sell,RP-GZB-COM-20341,Vinod Rajput,"5, Sector 14 Vasundhara Ghaziabad, Ghaziabad, Uttar Pradesh - 201014"
Vinod Rajput,active,rent,RP-GZB-COM-20342,Vinod Rajput,"All, 10, Sector 15 Vasundhara, Sector 15 Vasundhara Ghaziabad, Ghaziabad, Uttar Pradesh - 201014"
Vinod Rajput,active,sell,RP-GZB-COM-20343,Vinod Rajput,"9, Sector 6 Vasundhara Ghaziabad, Ghaziabad, Uttar Pradesh - 201014"
Vinod Rajput,active,sell,RP-GZB-COM-20344,Vinod Rajput,"All Building, 22, Shakti khand Indirapuram Ghaziabad, Shakti khand Indirapuram Ghaziabad, Ghaziabad, Uttar Pradesh - 201014"
Vinod Rajput,active,sell,RP-GZB-RES-20045,Savikant Sharma,"Sector 5, Vaishali, Ghaziabad, Uttar Pradesh, India"
Vinod Rajput,active,sell,RP-GZB-RES-20103,Savikant Sharma,"Sector 3, Vasundhara, Ghaziabad, Uttar Pradesh 201012, India"
Vinod Rajput,active,sell,RP-GZB-RES-20130,Vinod Rajput,"Niti Khand 2, Indirapuram, Ghaziabad, Uttar Pradesh 201014, India"
Vinod Rajput,active,sell,RP-GZB-RES-20137,Vinod Rajput,"Niti Khand I, Indirapuram, Ghaziabad, Uttar Pradesh 201014, India"
Vinod Rajput,active,sell,RP-GZB-RES-20311,Vinod Rajput,"201, 331, Supertech, Sector 4 vaishali ghaziabad, Ghaziabad, Uttar Pradesh - 201019"
Vinod Rajput,active,sell,RP-GZB-RES-20312,Vinod Rajput,"Ahlcon Apartment, Sector 4, Vaishali, Ghaziabad, Uttar Pradesh 201019, India"
Vinod Rajput,active,sell,RP-GZB-RES-20313,Vinod Rajput,"Sector-1, Vaishali, Ghaziabad, Uttar Pradesh, India"
Vinod Rajput,active,sell,RP-GZB-RES-20318,Vinod Rajput,"Rachna flats, 3A/275, Sector 3A, Block A, Sector 3, Vaishali, Ghaziabad, Uttar Pradesh 201019, India"
Vinod Rajput,active,sell,RP-GZB-RES-20319,Vinod Rajput,"Sector 3A, Block B, Sector 3, Vaishali, Ghaziabad, Uttar Pradesh 201019, India"
Vinod Rajput,active,sell,RP-GZB-RES-20366,Vinod Rajput,"ATS ADVANTAGE, 10231, SOCIETY, Indirapuram, Ghaziabad, Uttar Pradesh 201014, India"
Vinod Rajput,active,sell,RP-GZB-RES-20369,Vinod Rajput,"Aditya Mega City, Vaibhav Khand, Indirapuram, Ghaziabad, Uttar Pradesh 201014, India"
Vinod Rajput,active,sell,RP-GZB-RES-20372,Vinod Rajput,"Rachna Vaishali, Sector 4, Vaishali, Ghaziabad, Uttar Pradesh 201019, India"
Vinod Rajput,active,sell,RP-GZB-RES-20373,Vinod Rajput,"Rachna Vaishali, Sector 4, Vaishali, Ghaziabad, Uttar Pradesh 201019, India"
Vinod Rajput,active,sell,RP-GZB-RES-20407,Vinod Rajput,"SF2, 300, Gyan Khand 1, Gyan Khand 1 indirapuram ghaziabad, Ghaziabad, Uttar Pradesh - 201014"
Vinod Rajput,active,sell,RP-GZB-RES-20408,Vinod Rajput,"Apex Acacia Valley, D-1601 Sector, Block E, Sector 3, Vaishali, Ghaziabad, Uttar Pradesh 201019, India"
Vinod Rajput,active,sell,RP-GZB-RES-20459,Sunil Kasana,"4/591, Vaishali sector 4 , Park Avenue , Ghaziabad, Uttar Pradesh - 201019"
Vinod Rajput,active,sell,RP-GZB-RES-20506,Ritu,"UG4 , 61, Vaishali Sector - 6, Vaishali, Ghaziabad, Uttar Pradesh - 201019"
Vinod Rajput,active,sell,RP-GZB-RES-20528,Ritu,"3, 5/876, Green Street Sector 5 vaishali , Sector 5 vaishali , Green Street, Ghaziabad, Uttar Pradesh - 201019"
Vinod Rajput,active,sell,RP-GZB-RES-20852,Sunil Kasana,"123, Sector 2A Vaishali , A Block Vaishali , Ghaziabad, Uttar Pradesh - 201019"
Vinod Rajput,active,sell,RP-KAU-RES-20064,Vinod Rajput,"KA Block, Kaushambi, Ghaziabad, Uttar Pradesh 201010, India"
Vinod Rajput,active,sell,RP-MEE-COM-20152,Ashwani,"Vasundhara, Ghaziabad, Uttar Pradesh, India"
Vinod Rajput,active,sell,RP-NOI-RES-20347,Vinod Rajput,"10000, Sector 36 noida, Sector 36 noida, Noida, Uttar Pradesh - 201303"
Vinod Rajput,active,sell,RP-RAC-RES-20036,Vinod Rajput,"Sector 3A, Block A, Sector 3, Vaishali, Ghaziabad, Uttar Pradesh 201019, India"
Vinod Rajput,active,sell,RP-VAI-RES-20034,Vinod Rajput,"Apex Acacia Valley, D-1601 Sector, Block E, Sector 3, Vaishali, Ghaziabad, Uttar Pradesh 201019, India"
Vinod Rajput,active,sell,RP-VAI-RES-20035,Vinod Rajput,"Sector 3A, Block A, Sector 3, Vaishali, Ghaziabad, Uttar Pradesh 201019, India"
Vinod Rajput,active,sell,RP-VAI-RES-20063,Vinod Rajput,"Sector 5, 571, Sector 5 vaishali ghaziabad, Vaishali ghaziabad uttar pradesh, Vaishali, Vaishali ghaziabad uttar pradesh, Uttar Pradesh - 201019"
Vinod Rajput,active,rent,RP-VAS-RES-20065,Raghav,"Sector 11, Vasundhara, Ghaziabad, Uttar Pradesh, India"
Vinod Sharma,active,sell,RP-GZB-COM-20124,Savikant Sharma,"Sector 3, Vasundhara, Ghaziabad, Uttar Pradesh 201012, India"
Vinod Sharma,active,sell,RP-GZB-RES-20134,Savikant Sharma,"Sector 2, Wave City Marg, Wave City, Ghaziabad, Uttar Pradesh 201015, India"
Vinod Sharma,active,sell,RP-GZB-RES-20135,Savikant Sharma,"KC 85, Ghaziabad, Kavi Nagar, Ghaziabad, Uttar Pradesh - 201002"
vivan sonu ,active,rent,RP-GZB-RES-20504,vivan sonu ,"Independent , 7, M83X+9GX, Vaishali Extension, Sector 9, Vaishali, Ghaziabad, Uttar Pradesh 201019, India, Vaishali Extension, Vaishali, Ghaziabad, Uttar Pradesh - 201019"
vivan sonu ,active,rent,RP-GZB-RES-20505,vivan sonu ,"Yes , 195, Gated community , Vaishali Sector - 6, Vaishali, Ghaziabad, Uttar Pradesh"
vivan sonu ,active,rent,RP-MEE-COM-20393,vivan sonu ,"Vaishali, Ghaziabad, Uttar Pradesh, India"
vivan sonu ,active,rent,RP-MEE-RES-20143,vivan sonu ,"Sector 2, Vaishali, Ghaziabad, Uttar Pradesh, India"
vivan sonu ,active,sell,RP-MEE-RES-20144,vivan sonu ,"Sector 3, Vaishali, Ghaziabad, Uttar Pradesh, India"
vivan sonu ,active,rent,RP-MEE-RES-20145,vivan sonu ,"Vaishali Sector - 6, Vaishali, Ghaziabad, Uttar Pradesh, India"
vivan sonu ,active,sell,RP-MEE-RES-20189,vivan sonu ,"4, Vaishali Rd, Sector 4, Vaishali, Ghaziabad, Uttar Pradesh 201019, India"
vivan sonu ,active,sell,RP-MEE-RES-20333,vivan sonu ,"Sector 4, Vaishali, Ghaziabad, Uttar Pradesh 201019, India"
vivan sonu ,active,rent,RP-MEE-RES-20391,vivan sonu ,"Vaishali, Ghaziabad, Uttar Pradesh, India"
vivan sonu ,active,rent,RP-MEE-RES-20392,vivan sonu ,"Vaishali, Ghaziabad, Uttar Pradesh, India"
vivan sonu ,active,sell,RP-MEE-RES-20394,vivan sonu ,"Kaling Marg, Sector 5, Vaishali, Ghaziabad, Uttar Pradesh 201019, India"
vivan sonu ,active,sell,RP-MEE-RES-20416,vivan sonu ,"Mahagun Mosaic Phase 1, Sector 4, Vaishali, Ghaziabad, Uttar Pradesh 201019, India"
vivan sonu ,active,sell,RP-MEE-RES-20417,vivan sonu ,"Gateway Towers, Sector 4, Vaishali, Ghaziabad, Uttar Pradesh 201019, India"
vivan sonu ,active,sell,RP-MEE-RES-20425,vivan sonu ,"Apex Acacia Valley, D-1601 Sector, Block E, Sector 3, Vaishali, Ghaziabad, Uttar Pradesh 201019, India"