display_id,status,wrong_owner_staff,wrong_owner_phone,uploader_name,assigned_agent,address
RP-GZB-RES-20077,inactive,Navneet Rajput,+918318749474,Navnit singh,Navneet Rajput,"Sector 5, Vaishali, Ghaziabad, Uttar Pradesh, India"
RP-GZB-RES-20079,inactive,Navneet Rajput,+918318749474,Navnit singh,Navneet Rajput,"Vaishali, Ghaziabad, Uttar Pradesh, India"
RP-GZB-RES-20106,inactive,Savikant Sharma,+919999992400,Mr Manu,Savikant Sharma,"Sector 5, Vaishali, Ghaziabad, Uttar Pradesh, India"
RP-GZB-RES-20129,inactive,Hardiq,+919217151405,Haardiq Choudhary,Hardiq,"PLATINUM HEIGHTS-1, Ramprastha Greens, Vaishali, Ghaziabad, Uttar Pradesh 201019, India"
RP-GZB-RES-20358,inactive,Ashwani,+918595719513,Ashwani,Ashwani,"Vaishali, Ghaziabad, Uttar Pradesh, India"
RP-GZB-RES-20460,inactive,Hardiq,+919217151405,Hardiq,Hardiq,"Sector 9, Vaishali Extension, Ramprastha Greens, Vaishali, Ghaziabad, Uttar Pradesh 201019, India"
RP-GZB-RES-20512,inactive,Ashish Sharma,+918851404256,Ashish Sharma,Ashwani,"S4, 414, Sector 4, Vaishali, Ghaziabad, Uttar Pradesh - 201019"
RP-MEE-RES-20161,inactive,Hardiq,+919217151405,Hardiq,Hardiq,"Vaishali, Ghaziabad, Uttar Pradesh, India"
RP-MEE-RES-20273,inactive,Ashwani,+918595719513,Ashwani,Ashwani,"Vaishali, Ghaziabad, Uttar Pradesh, India"
RP-MEE-RES-20346,inactive,Hardiq,+919217151405,Hardiq,Hardiq,"Nyay Khand I, Indirapuram, Ghaziabad, Uttar Pradesh, India"
RP-VAI-RES-20125,inactive,Ashish Sharma,+918851404256,Ashish,Ashish Sharma,"Mahagun Mosaic, Sector 4, Vaishali, Ghaziabad, Uttar Pradesh 201019, India"
RP-DEL-COM-20102,active,Savikant Sharma,+919999992400,Mr G s Gaur,Vinod Rajput,"4732/21, Delhi, Daryaganj, Delhi, Delhi - 110002"
RP-GNO-RES-20046,active,Manish Gupta,+919718275580,Manish Gupta,Manish Gupta,"Nirala Greenshire, NIRALA GREENSHIRE, Noida-Greater Noida Link Rd, Sector 2, Patwari, Greater Noida, Uttar Pradesh 201318, India"
RP-GNO-RES-20047,active,Manish Gupta,+919718275580,Manish Gupta,Manish Gupta,"JM Florence Ln, Amrapali Dream Valley, Greater Noida, Uttar Pradesh 201318, India"
RP-GNO-RES-20049,active,Manish Gupta,+919718275580,Manish Gupta,Manish Gupta,"Fusion Homes, Tech Zone IV, Amrapali Dream Valley, Greater Noida, Ithaira, Uttar Pradesh 201318, India"
RP-GNO-RES-20050,active,Manish Gupta,+919718275580,Manish Gupta,Manish Gupta,"2, Greater Noida W Rd, Noida Phase-2, Gaur City 2, Greater Noida, Chipyana Khurd Urf Tigri, Uttar Pradesh 201009, India"
RP-GNO-RES-20051,active,Manish Gupta,+919718275580,Manish Gupta,Manish Gupta,"APEX SPLENDOUR GH5, opposite D MART, Amrapali Dream Valley, Greater Noida, Ithaira, Uttar Pradesh 201318, India"
RP-GNO-RES-20113,active,Bhuvneswar Gupta,+919818800477,B Gupta,Bhuvneswar Gupta,"Panchsheel Hynish, Sector 1, Bisrakh Jalalpur, Greater Noida, Uttar Pradesh 201318, India"
RP-GNO-RES-20114,active,Bhuvneswar Gupta,+919818800477,B Gupta,Bhuvneswar Gupta,"Panchsheel Greens, PANCHSHEEL GREENS, Panchsheel Greens, Greater Noida, Ghaziabad, Uttar Pradesh 201318, India"
RP-GNO-RES-20117,active,Bhuvneswar Gupta,+919818800477,B Gupta,Bhuvneswar Gupta,"Panchsheel Greens, PANCHSHEEL GREENS, Panchsheel Greens, Greater Noida, Ghaziabad, Uttar Pradesh 201318, India"
RP-GNO-RES-20262,active,Manish Gupta,+919718275580,Manish Gupta,Manish Gupta,"NIRALA ESTATE, 303, Greater Noida W Rd, Patwari, Greater Noida, Uttar Pradesh 201318, India"
RP-GNO-RES-20264,active,Manish Gupta,+919718275580,Manish Gupta,Manish Gupta,"1, Greater Noida W Rd, Greater Noida West, Greater Noida, Ghaziabad, Uttar Pradesh 201318, India"
RP-GRE-RES-20110,active,Bhuvneswar Gupta,+919818800477,B Gupta,Bhuvneswar Gupta,"Greater Noida W Rd, Gaur City 1, Ghaziabad, Uttar Pradesh, India"
RP-GRE-RES-20111,active,Bhuvneswar Gupta,+919818800477,B Gupta,Bhuvneswar Gupta,"Greater Noida West, Panchsheel Greens 2, Ithaira, Uttar Pradesh 201318, India"
RP-GRE-RES-20112,active,Bhuvneswar Gupta,+919818800477,B Gupta,Bhuvneswar Gupta,"C Tower, HAWELIA VALENCIA HOMES, HAWELIA VALENCIA HOMES, Sector 1, Bisrakh Jalalpur, Noida, Greater Noida, Uttar Pradesh 201318, India"
RP-GRE-RES-20116,active,Bhuvneswar Gupta,+919818800477,B Gupta,Bhuvneswar Gupta,"Panchsheel Greens 2, 16, Greater, Greater Noida West, Panchsheel Greens 2, Ithaira, Uttar Pradesh 201318, India"
RP-GRE-RES-20533,active,Bhuvneswar Gupta,PENDING-IMPORT-9818800477,Pending Owner,Bhuvneswar Gupta,"Gaur 5th Avenue, Gaur City-1, Gautam Buddha Nagar"
RP-GRE-RES-20534,active,Bhuvneswar Gupta,PENDING-IMPORT-9818800477,Pending Owner,Bhuvneswar Gupta,"Gaur 5th Avenue, Gaur City-1, Gautam Buddha Nagar"
RP-GRE-RES-20535,active,Bhuvneswar Gupta,PENDING-IMPORT-9818800477,Pending Owner,Bhuvneswar Gupta,"Gaur 5th Avenue, Gaur City-1, Gautam Buddha Nagar"
RP-GRE-RES-20536,active,Bhuvneswar Gupta,PENDING-IMPORT-9818800477,Pending Owner,Bhuvneswar Gupta,"Gaur 14th Avenue, Gaur City-2, Gautam Buddha Nagar"
RP-GRE-RES-20537,active,Bhuvneswar Gupta,PENDING-IMPORT-9818800477,Pending Owner,Bhuvneswar Gupta,"Gaur 14th Avenue, Gaur City-2, Gautam Buddha Nagar"
RP-GRE-RES-20538,active,Bhuvneswar Gupta,PENDING-IMPORT-9818800477,Pending Owner,Bhuvneswar Gupta,"Gaur 14th Avenue, Gaur City-2, Gautam Buddha Nagar"
RP-GRE-RES-20539,active,Bhuvneswar Gupta,PENDING-IMPORT-9818800477,Pending Owner,Bhuvneswar Gupta,"Gaur 14th Avenue, Gaur City-2, Gautam Buddha Nagar"
RP-GRE-RES-20540,active,Bhuvneswar Gupta,PENDING-IMPORT-9818800477,Pending Owner,Bhuvneswar Gupta,"AIG Park Avenue, Gaur City-2, Gautam Buddha Nagar"
RP-GRE-RES-20541,active,Bhuvneswar Gupta,PENDING-IMPORT-9818800477,Pending Owner,Bhuvneswar Gupta,"Divyansh Floora, Gaur City-2, Gautam Buddha Nagar"
RP-GRE-RES-20542,active,Bhuvneswar Gupta,PENDING-IMPORT-9818800477,Pending Owner,Bhuvneswar Gupta,"White Orchid, Gaur City-2, Gautam Buddha Nagar"
RP-GRE-RES-20543,active,Bhuvneswar Gupta,PENDING-IMPORT-9818800477,Pending Owner,Bhuvneswar Gupta,"Gaur 14th Avenue, Gaur City-2, Gautam Buddha Nagar"
RP-GRE-RES-20544,active,Bhuvneswar Gupta,PENDING-IMPORT-9818800477,Pending Owner,Bhuvneswar Gupta,"Gaur 14th Avenue, Gaur City-2, Gautam Buddha Nagar"
RP-GRE-RES-20545,active,Bhuvneswar Gupta,PENDING-IMPORT-9818800477,Pending Owner,Bhuvneswar Gupta,"Gaur 16th Avenue, Gaur City-2, Gautam Buddha Nagar"
RP-GRE-RES-20546,active,Bhuvneswar Gupta,PENDING-IMPORT-9818800477,Pending Owner,Bhuvneswar Gupta,"Gaur 14th Avenue, Gaur City-2, Gautam Buddha Nagar"
RP-GRE-RES-20547,active,Bhuvneswar Gupta,PENDING-IMPORT-9818800477,Pending Owner,Bhuvneswar Gupta,"Gaur 14th Avenue, Gaur City-2, Gautam Buddha Nagar"
RP-GRE-RES-20548,active,Bhuvneswar Gupta,PENDING-IMPORT-9818800477,Pending Owner,Bhuvneswar Gupta,"Gaur 14th Avenue, Gaur City-2, Gautam Buddha Nagar"
RP-GRE-RES-20549,active,Bhuvneswar Gupta,PENDING-IMPORT-9818800477,Pending Owner,Bhuvneswar Gupta,"Gaur 14th Avenue, Gaur City-2, Gautam Buddha Nagar"
RP-GRE-RES-20550,active,Bhuvneswar Gupta,PENDING-IMPORT-9818800477,Pending Owner,Bhuvneswar Gupta,"Gaur 16th Avenue, Gaur City-2, Gautam Buddha Nagar"
RP-GRE-RES-20551,active,Bhuvneswar Gupta,PENDING-IMPORT-9818800477,Pending Owner,Bhuvneswar Gupta,"Palm Olympia, Gaur City- 2, Gautam Buddha Nagar"
RP-GRE-RES-20552,active,Bhuvneswar Gupta,PENDING-IMPORT-9818800477,Pending Owner,Bhuvneswar Gupta,"Raksha Adella, Gaur City-2, Gautam Buddha Nagar"
RP-GRE-RES-20553,active,Bhuvneswar Gupta,PENDING-IMPORT-9818800477,Pending Owner,Bhuvneswar Gupta,"AIG Park Avenue, Gaur City-2, Gautam Buddha Nagar"
RP-GRE-RES-20554,active,Bhuvneswar Gupta,PENDING-IMPORT-9818800477,Pending Owner,Bhuvneswar Gupta,"Divyansh Floor, Gaur City-2, Gautam Buddha Nagar"
RP-GRE-RES-20555,active,Bhuvneswar Gupta,PENDING-IMPORT-9818800477,Pending Owner,Bhuvneswar Gupta,"Divyansh Floor, Gaur City-2, Gautam Buddha Nagar"
RP-GRE-RES-20556,active,Bhuvneswar Gupta,PENDING-IMPORT-9818800477,Pending Owner,Bhuvneswar Gupta,"Galaxy Royal, Gaur City-2, Gautam Buddha Nagar"
RP-GRE-RES-20557,active,Bhuvneswar Gupta,PENDING-IMPORT-9818800477,Pending Owner,Bhuvneswar Gupta,"Spring Meadows, Tech Zone-4, Gautam Buddha Nagar"
RP-GRE-RES-20558,active,Bhuvneswar Gupta,PENDING-IMPORT-9818800477,Pending Owner,Bhuvneswar Gupta,"Galaxy Vega, Tech Zone-4, Gautam Buddha Nagar"
RP-GRE-RES-20559,active,Bhuvneswar Gupta,PENDING-IMPORT-9818800477,Pending Owner,Bhuvneswar Gupta,"Samridhi Grand Avenue, Tech Zone-4, Gautam Buddha Nagar"
RP-GRE-RES-20560,active,Bhuvneswar Gupta,PENDING-IMPORT-9818800477,Pending Owner,Bhuvneswar Gupta,"Saya Zion, Gaur City-2, Gautam Buddha Nagar"
RP-GRE-RES-20561,active,Bhuvneswar Gupta,PENDING-IMPORT-9818800477,Pending Owner,Bhuvneswar Gupta,"Habitake Panchtatwa, Tech Zone-4, Gautam Buddha Nagar"
RP-GRE-RES-20562,active,Bhuvneswar Gupta,PENDING-IMPORT-9818800477,Pending Owner,Bhuvneswar Gupta,"Gaur 16th Avenue, Gaur City-2, Gautam Buddha Nagar"
RP-GRE-RES-20563,active,Bhuvneswar Gupta,PENDING-IMPORT-9818800477,Pending Owner,Bhuvneswar Gupta,"Habitake Panchtatwa, Tech Zone-4, Gautam Buddha Nagar"
RP-GRE-RES-20564,active,Bhuvneswar Gupta,PENDING-IMPORT-9818800477,Pending Owner,Bhuvneswar Gupta,"Habitake Panchtatwa, Tech Zone-4, Gautam Buddha Nagar"
RP-GRE-RES-20565,active,Bhuvneswar Gupta,PENDING-IMPORT-9818800477,Pending Owner,Bhuvneswar Gupta,"Galaxy Vega, Tech Zone-4, Gautam Buddha Nagar"
RP-GRE-RES-20566,active,Bhuvneswar Gupta,PENDING-IMPORT-9818800477,Pending Owner,Bhuvneswar Gupta,"Nirala Estate, Tech Zone-4, Gautam Buddha Nagar"
RP-GRE-RES-20567,active,Bhuvneswar Gupta,PENDING-IMPORT-9818800477,Pending Owner,Bhuvneswar Gupta,"JM Florance, Tech Zone-4, Gautam Buddha Nagar"
RP-GRE-RES-20568,active,Bhuvneswar Gupta,PENDING-IMPORT-9818800477,Pending Owner,Bhuvneswar Gupta,"Arihant Amber, Sector-1, Gautam Buddha Nagar"
RP-GRE-RES-20569,active,Bhuvneswar Gupta,PENDING-IMPORT-9818800477,Pending Owner,Bhuvneswar Gupta,"ACE Aspire, Sector-1, Gautam Buddha Nagar"
RP-GRE-RES-20570,active,Bhuvneswar Gupta,PENDING-IMPORT-9818800477,Pending Owner,Bhuvneswar Gupta,"ACE City, Sector-1, Gautam Buddha Nagar"
RP-GRE-RES-20571,active,Bhuvneswar Gupta,PENDING-IMPORT-9818800477,Pending Owner,Bhuvneswar Gupta,"Arihant Abode, Sector-1, Gautam Buddha Nagar"
RP-GRE-RES-20572,active,Bhuvneswar Gupta,PENDING-IMPORT-9818800477,Pending Owner,Bhuvneswar Gupta,"Ace Divino, Sector-1, Gautam Buddha Nagar"
RP-GRE-RES-20573,active,Bhuvneswar Gupta,PENDING-IMPORT-9818800477,Pending Owner,Bhuvneswar Gupta,"ACE Aspire, Sector-1, Gautam Buddha Nagar"
RP-GRE-RES-20574,active,Bhuvneswar Gupta,PENDING-IMPORT-9818800477,Pending Owner,Bhuvneswar Gupta,"Panchsheel Greens Pinnacle, Sector-16B, Gautam Buddha Nagar"
RP-GRE-RES-20575,active,Bhuvneswar Gupta,PENDING-IMPORT-9818800477,Pending Owner,Bhuvneswar Gupta,"Panchsheel Greens-2, Sector-16B, Gautam Buddha Nagar"
RP-GRE-RES-20576,active,Bhuvneswar Gupta,PENDING-IMPORT-9818800477,Pending Owner,Bhuvneswar Gupta,"Panchsheel Greens-2, Sector-16B, Gautam Buddha Nagar"
RP-GRE-RES-20577,active,Bhuvneswar Gupta,PENDING-IMPORT-9818800477,Pending Owner,Bhuvneswar Gupta,"Panchsheel Greens-2, Sector-16B, Gautam Buddha Nagar"
RP-GRE-RES-20578,active,Bhuvneswar Gupta,PENDING-IMPORT-9818800477,Pending Owner,Bhuvneswar Gupta,"Panchsheel Greens-2, Sector-16B, Gautam Buddha Nagar"
RP-GRE-RES-20579,active,Bhuvneswar Gupta,PENDING-IMPORT-9818800477,Pending Owner,Bhuvneswar Gupta,"Ajnara Le Garden, Sector-16B, Gautam Buddha Nagar"
RP-GRE-RES-20580,active,Bhuvneswar Gupta,PENDING-IMPORT-9818800477,Pending Owner,Bhuvneswar Gupta,"Ajnara Le Garden, Sector-16B, Gautam Buddha Nagar"
RP-GRE-RES-20581,active,Bhuvneswar Gupta,PENDING-IMPORT-9818800477,Pending Owner,Bhuvneswar Gupta,"Ajnara Le Garden, Sector-16B, Gautam Buddha Nagar"
RP-GRE-RES-20582,active,Bhuvneswar Gupta,PENDING-IMPORT-9818800477,Pending Owner,Bhuvneswar Gupta,"Ajnara Le Garden, Sector-16B, Gautam Buddha Nagar"
RP-GRE-RES-20583,active,Bhuvneswar Gupta,PENDING-IMPORT-9818800477,Pending Owner,Bhuvneswar Gupta,"Ajnara Homes, Sector-16B, Gautam Buddha Nagar"
RP-GRE-RES-20584,active,Bhuvneswar Gupta,PENDING-IMPORT-9818800477,Pending Owner,Bhuvneswar Gupta,"Ajnara Homes, Sector-16B, Gautam Buddha Nagar"
RP-GRE-RES-20585,active,Bhuvneswar Gupta,PENDING-IMPORT-9818800477,Pending Owner,Bhuvneswar Gupta,"SKA Green Arch, Sector-16B, Gautam Buddha Nagar"
RP-GRE-RES-20586,active,Bhuvneswar Gupta,PENDING-IMPORT-9818800477,Pending Owner,Bhuvneswar Gupta,"SKA Green Arch, Sector-16B, Gautam Buddha Nagar"
RP-GRE-RES-20587,active,Bhuvneswar Gupta,PENDING-IMPORT-9818800477,Pending Owner,Bhuvneswar Gupta,"French Apartment, Sector-16B, Gautam Buddha Nagar"
RP-GRE-RES-20588,active,Bhuvneswar Gupta,PENDING-IMPORT-9818800477,Pending Owner,Bhuvneswar Gupta,"Ajnara Homes, Sector-16B, Gautam Buddha Nagar"
RP-GRE-RES-20589,active,Bhuvneswar Gupta,PENDING-IMPORT-9818800477,Pending Owner,Bhuvneswar Gupta,"Nirala Aspire, Sector-16B, Gautam Buddha Nagar"
RP-GRE-RES-20590,active,Bhuvneswar Gupta,PENDING-IMPORT-9818800477,Pending Owner,Bhuvneswar Gupta,"Panchsheel Greens-2, Sector-16B, Gautam Buddha Nagar"
RP-GRE-RES-20591,active,Bhuvneswar Gupta,PENDING-IMPORT-9818800477,Pending Owner,Bhuvneswar Gupta,"La Solara, Sector-16B, Gautam Buddha Nagar"
RP-GRE-RES-20592,active,Bhuvneswar Gupta,PENDING-IMPORT-9818800477,Pending Owner,Bhuvneswar Gupta,"Panchsheel Greens-2, Sector-16B, Gautam Buddha Nagar"
RP-GRE-RES-20593,active,Bhuvneswar Gupta,PENDING-IMPORT-9818800477,Pending Owner,Bhuvneswar Gupta,"Saviour Green Arch, Tech Zone-4, Gautam Buddha Nagar"
RP-GRE-RES-20594,active,Bhuvneswar Gupta,PENDING-IMPORT-9818800477,Pending Owner,Bhuvneswar Gupta,"Rayal Nest, Gautam Buddha Nagar"
RP-GRE-RES-20595,active,Bhuvneswar Gupta,PENDING-IMPORT-9818800477,Pending Owner,Bhuvneswar Gupta,"Gaur 10th Avenue, Gaur City-2, Gautam Buddha Nagar"
RP-GRE-RES-20596,active,Bhuvneswar Gupta,PENDING-IMPORT-9818800477,Pending Owner,Bhuvneswar Gupta,"Gaur 16th Avenue, Gaur City-2, Gautam Buddha Nagar"
RP-GRE-RES-20597,active,Bhuvneswar Gupta,PENDING-IMPORT-9818800477,Pending Owner,Bhuvneswar Gupta,"Gaur 4th Avenue, Gaur City-1, Gautam Buddha Nagar"
RP-GRE-RES-20598,active,Bhuvneswar Gupta,PENDING-IMPORT-9818800477,Pending Owner,Bhuvneswar Gupta,"Gaur 5th Avenue, Gaur City-1, Gautam Buddha Nagar"
RP-GRE-RES-20599,active,Bhuvneswar Gupta,PENDING-IMPORT-9818800477,Pending Owner,Bhuvneswar Gupta,"Gaur 12th Avenue, Gaur City-2, Gautam Buddha Nagar"
RP-GRE-RES-20600,active,Bhuvneswar Gupta,PENDING-IMPORT-9818800477,Pending Owner,Bhuvneswar Gupta,"Gaur 12th Avenue, Gaur City-2, Gautam Buddha Nagar"
RP-GRE-RES-20601,active,Bhuvneswar Gupta,PENDING-IMPORT-9818800477,Pending Owner,Bhuvneswar Gupta,"Gaur 12th Avenue, Gaur City-2, Gautam Buddha Nagar"
RP-GRE-RES-20602,active,Bhuvneswar Gupta,PENDING-IMPORT-9818800477,Pending Owner,Bhuvneswar Gupta,"Gaur 14th Avenue, Gaur City-2, Gautam Buddha Nagar"
RP-GRE-RES-20603,active,Bhuvneswar Gupta,PENDING-IMPORT-9818800477,Pending Owner,Bhuvneswar Gupta,"Galaxy North Avenue-2, Gaur City-2, Gautam Buddha Nagar"
RP-GRE-RES-20604,active,Bhuvneswar Gupta,PENDING-IMPORT-9818800477,Pending Owner,Bhuvneswar Gupta,"AIG Park Avenue, Gaur City-2, Gautam Buddha Nagar"
RP-GRE-RES-20605,active,Bhuvneswar Gupta,PENDING-IMPORT-9818800477,Pending Owner,Bhuvneswar Gupta,"AIG Park Avenue, Gaur City-2, Gautam Buddha Nagar"
RP-GRE-RES-20606,active,Bhuvneswar Gupta,PENDING-IMPORT-9818800477,Pending Owner,Bhuvneswar Gupta,"Fusion Homes, Tech Zone-4, Gautam Buddha Nagar"
RP-GRE-RES-20607,active,Bhuvneswar Gupta,PENDING-IMPORT-9818800477,Pending Owner,Bhuvneswar Gupta,"Samridhi Grand Avenue, Tech Zone-4, Gautam Buddha Nagar"
RP-GRE-RES-20608,active,Bhuvneswar Gupta,PENDING-IMPORT-9818800477,Pending Owner,Bhuvneswar Gupta,"Ajnara Homes, Sector-16B, Gautam Buddha Nagar"
RP-GRE-RES-20609,active,Bhuvneswar Gupta,PENDING-IMPORT-9818800477,Pending Owner,Bhuvneswar Gupta,"Ajnara Le Garden, Sector-16B, Gautam Buddha Nagar"
RP-GRE-RES-20610,active,Bhuvneswar Gupta,PENDING-IMPORT-9818800477,Pending Owner,Bhuvneswar Gupta,"Gulshan Bellina, Sector-16B, Gautam Buddha Nagar"
RP-GRE-RES-20611,active,Bhuvneswar Gupta,PENDING-IMPORT-9818800477,Pending Owner,Bhuvneswar Gupta,"Ace City, Sector-1, Gautam Buddha Nagar"
RP-GRE-RES-20612,active,Bhuvneswar Gupta,PENDING-IMPORT-9818800477,Pending Owner,Bhuvneswar Gupta,"Galaxy North Avenue-2, Gaur City-2, Gautam Buddha Nagar"
RP-GRE-RES-20613,active,Bhuvneswar Gupta,PENDING-IMPORT-9818800477,Pending Owner,Bhuvneswar Gupta,"Galaxy North Avenue-2, Gaur City-2, Gautam Buddha Nagar"
RP-GRE-RES-20614,active,Bhuvneswar Gupta,PENDING-IMPORT-9818800477,Pending Owner,Bhuvneswar Gupta,"Divyansh Floora, Gaur City-2, Gautam Buddha Nagar"
RP-GRE-RES-20615,active,Bhuvneswar Gupta,PENDING-IMPORT-9818800477,Pending Owner,Bhuvneswar Gupta,"Gaur 16th Avenue, Gaur City-2, Gautam Buddha Nagar"
RP-GRE-RES-20616,active,Bhuvneswar Gupta,PENDING-IMPORT-9818800477,Pending Owner,Bhuvneswar Gupta,"Gaur 5th Avenue, Gaur City-1, Gautam Buddha Nagar"
RP-GRE-RES-20617,active,Bhuvneswar Gupta,PENDING-IMPORT-9818800477,Pending Owner,Bhuvneswar Gupta,"Gaur 5th Avenue, Gaur City-1, Gautam Buddha Nagar"
RP-GRE-RES-20618,active,Bhuvneswar Gupta,PENDING-IMPORT-9818800477,Pending Owner,Bhuvneswar Gupta,"Gaur 5th Avenue, Gaur City-1, Gautam Buddha Nagar"
RP-GRE-RES-20619,active,Bhuvneswar Gupta,PENDING-IMPORT-9818800477,Pending Owner,Bhuvneswar Gupta,"Gaur 6th Avenue, Gaur City-1, Gautam Buddha Nagar"
RP-GRE-RES-20620,active,Bhuvneswar Gupta,PENDING-IMPORT-9818800477,Pending Owner,Bhuvneswar Gupta,"JM Florence, Tech Zone-4, Gautam Buddha Nagar"
RP-GRE-RES-20621,active,Bhuvneswar Gupta,PENDING-IMPORT-9818800477,Pending Owner,Bhuvneswar Gupta,"JM Florence, Tech Zone-4, Gautam Buddha Nagar"
RP-GRE-RES-20622,active,Bhuvneswar Gupta,PENDING-IMPORT-9818800477,Pending Owner,Bhuvneswar Gupta,"Nirala Greenshire, Sector-1, Gautam Buddha Nagar"
RP-GRE-RES-20623,active,Bhuvneswar Gupta,PENDING-IMPORT-9818800477,Pending Owner,Bhuvneswar Gupta,"Nirala Greenshire, Sector-1, Gautam Buddha Nagar"
RP-GRE-RES-20624,active,Bhuvneswar Gupta,PENDING-IMPORT-9818800477,Pending Owner,Bhuvneswar Gupta,"Erros Sampurnam, Sector-2, Gautam Buddha Nagar"
RP-GRE-RES-20625,active,Bhuvneswar Gupta,PENDING-IMPORT-9818800477,Pending Owner,Bhuvneswar Gupta,"Galaxy North Avenue-2, Gaur City-2, Gautam Buddha Nagar"
RP-GRE-RES-20626,active,Bhuvneswar Gupta,PENDING-IMPORT-9818800477,Pending Owner,Bhuvneswar Gupta,"Mahagun Mywoods, Gaur City-2, Gautam Buddha Nagar"
RP-GRE-RES-20627,active,Bhuvneswar Gupta,PENDING-IMPORT-9818800477,Pending Owner,Bhuvneswar Gupta,"Hawelia Valencia Homes, Sector-1, Gautam Buddha Nagar"
RP-GRE-RES-20628,active,Bhuvneswar Gupta,PENDING-IMPORT-9818800477,Pending Owner,Bhuvneswar Gupta,"Steller Jeevan, Sector-1, Gautam Buddha Nagar"
RP-GRE-RES-20629,active,Bhuvneswar Gupta,PENDING-IMPORT-9818800477,Pending Owner,Bhuvneswar Gupta,"Habitech Panchtatva, Tech Zone-4, Gautam Buddha Nagar"
RP-GRE-RES-20630,active,Bhuvneswar Gupta,PENDING-IMPORT-9818800477,Pending Owner,Bhuvneswar Gupta,"Erros Sampurnam, Sector-2, Gautam Buddha Nagar"
RP-GRE-RES-20631,active,Bhuvneswar Gupta,PENDING-IMPORT-9818800477,Pending Owner,Bhuvneswar Gupta,"Ajnara Le Garden, Secctor-16B, Gautam Buddha Nagar"
RP-GRE-RES-20632,active,Bhuvneswar Gupta,PENDING-IMPORT-9818800477,Pending Owner,Bhuvneswar Gupta,"Panchsheel Greens-2, Sector-16B, Gautam Buddha Nagar"
RP-GRE-RES-20633,active,Bhuvneswar Gupta,PENDING-IMPORT-9818800477,Pending Owner,Bhuvneswar Gupta,"Panchsheel Greens-2, Sector-16B, Gautam Buddha Nagar"
RP-GRE-RES-20634,active,Bhuvneswar Gupta,PENDING-IMPORT-9818800477,Pending Owner,Bhuvneswar Gupta,"Centurian Park Tarrace Home, Tech Zone-4, Gautam Buddha Nagar"
RP-GRE-RES-20635,active,Bhuvneswar Gupta,PENDING-IMPORT-9818800477,Pending Owner,Bhuvneswar Gupta,"Centurian Park Tarrace Home, Tech Zone-4, Gautam Buddha Nagar"
RP-GRE-RES-20636,active,Bhuvneswar Gupta,PENDING-IMPORT-9818800477,Pending Owner,Bhuvneswar Gupta,"Centurian Park Tarrace Home, Tech Zone-4, Gautam Buddha Nagar"
RP-GRE-RES-20637,active,Bhuvneswar Gupta,PENDING-IMPORT-9818800477,Pending Owner,Bhuvneswar Gupta,"Centurian Park Tarrace Home, Tech Zone-4, Gautam Buddha Nagar"
RP-GRE-RES-20638,active,Bhuvneswar Gupta,PENDING-IMPORT-9818800477,Pending Owner,Bhuvneswar Gupta,"JM Florance, Techzone-4, Gautam Buddha Nagar"
RP-GRE-RES-20639,active,Bhuvneswar Gupta,PENDING-IMPORT-9818800477,Pending Owner,Bhuvneswar Gupta,"JM Florance, Techzone-4, Gautam Buddha Nagar"
RP-GRE-RES-20640,active,Bhuvneswar Gupta,PENDING-IMPORT-9818800477,Pending Owner,Bhuvneswar Gupta,"JM Florance, Techzone-4, Gautam Buddha Nagar"
RP-GRE-RES-20641,active,Bhuvneswar Gupta,PENDING-IMPORT-9818800477,Pending Owner,Bhuvneswar Gupta,"Gaur 14th Avenue, Gaur City-2, Gautam Buddha Nagar"
RP-GRE-RES-20642,active,Bhuvneswar Gupta,PENDING-IMPORT-9818800477,Pending Owner,Bhuvneswar Gupta,"Gaur 14th Avenue, Gaur City-2, Gautam Buddha Nagar"
RP-GRE-RES-20643,active,Bhuvneswar Gupta,PENDING-IMPORT-9818800477,Pending Owner,Bhuvneswar Gupta,"Palm Olympia, Gaur City-1, Gautam Buddha Nagar"
RP-GRE-RES-20644,active,Bhuvneswar Gupta,PENDING-IMPORT-9818800477,Pending Owner,Bhuvneswar Gupta,"Gaur Aishwaryam, Tech Zone-4, Gautam Buddha Nagar"
RP-GRE-RES-20645,active,Bhuvneswar Gupta,PENDING-IMPORT-9818800477,Pending Owner,Bhuvneswar Gupta,"Galaxy North Avenue-1, Gaur City-1, Gautam Buddha Nagar"
RP-GRE-RES-20646,active,Bhuvneswar Gupta,PENDING-IMPORT-9818800477,Pending Owner,Bhuvneswar Gupta,"Galaxy North Avenue-1, Gaur City-1, Gautam Buddha Nagar"
RP-GRE-RES-20647,active,Bhuvneswar Gupta,PENDING-IMPORT-9818800477,Pending Owner,Bhuvneswar Gupta,"Casa Woodstock, Gaur City, Gautam Buddha Nagar"
RP-GRE-RES-20648,active,Bhuvneswar Gupta,PENDING-IMPORT-9818800477,Pending Owner,Bhuvneswar Gupta,"Casa Woodstock, Gaur City, Gautam Buddha Nagar"
RP-GRE-RES-20649,active,Bhuvneswar Gupta,PENDING-IMPORT-9818800477,Pending Owner,Bhuvneswar Gupta,"Hawelia Valenova Park, Tech Zone-4, Gautam Buddha Nagar"
RP-GRE-RES-20650,active,Bhuvneswar Gupta,PENDING-IMPORT-9818800477,Pending Owner,Bhuvneswar Gupta,"Nirala Greenshire, Setcor-1, Gautam Buddha Nagar"
RP-GRE-RES-20651,active,Bhuvneswar Gupta,PENDING-IMPORT-9818800477,Pending Owner,Bhuvneswar Gupta,"Arihant Abode, Sector-1, Gautam Buddha Nagar"
RP-GRE-RES-20652,active,Bhuvneswar Gupta,PENDING-IMPORT-9818800477,Pending Owner,Bhuvneswar Gupta,"Arihant Abode, Sector-1, Gautam Buddha Nagar"
RP-GRE-RES-20653,active,Bhuvneswar Gupta,PENDING-IMPORT-9818800477,Pending Owner,Bhuvneswar Gupta,"Ace City, Sector-1, Gautam Buddha Nagar"
RP-GRE-RES-20654,active,Bhuvneswar Gupta,PENDING-IMPORT-9818800477,Pending Owner,Bhuvneswar Gupta,"Ajnara Le Garden, Sector-16B, Gautam Buddha Nagar"
RP-GRE-RES-20655,active,Bhuvneswar Gupta,PENDING-IMPORT-9818800477,Pending Owner,Bhuvneswar Gupta,"Ajnara Le Garden, Sector-16B, Gautam Buddha Nagar"
RP-GRE-RES-20656,active,Bhuvneswar Gupta,PENDING-IMPORT-9818800477,Pending Owner,Bhuvneswar Gupta,"Panchsheel Greens-2, Sector-16B, Gautam Buddha Nagar"
RP-GRE-RES-20657,active,Bhuvneswar Gupta,PENDING-IMPORT-9818800477,Pending Owner,Bhuvneswar Gupta,"Panchsheel Greens-2, Sector-16B, Gautam Buddha Nagar"
RP-GRE-RES-20658,active,Bhuvneswar Gupta,PENDING-IMPORT-9818800477,Pending Owner,Bhuvneswar Gupta,"Galaxy North Avenue-1, Gaur City-1, Gautam Buddha Nagar"
RP-GRE-RES-20659,active,Bhuvneswar Gupta,PENDING-IMPORT-9818800477,Pending Owner,Bhuvneswar Gupta,"Saya Zion, Gaur City-1, Gautam Buddha Nagar"
RP-GRE-RES-20660,active,Bhuvneswar Gupta,PENDING-IMPORT-9818800477,Pending Owner,Bhuvneswar Gupta,"Palm Olympia, Gaur City-1, Gautam Buddha Nagar"
RP-GRE-RES-20661,active,Bhuvneswar Gupta,PENDING-IMPORT-9818800477,Pending Owner,Bhuvneswar Gupta,"Gaur 4th Avenue, Gaur City-1, Gautam Buddha Nagar"
RP-GRE-RES-20662,active,Bhuvneswar Gupta,PENDING-IMPORT-9818800477,Pending Owner,Bhuvneswar Gupta,"JM Florence, Tech Zone-4, Gautam Buddha Nagar"
RP-GRE-RES-20663,active,Bhuvneswar Gupta,PENDING-IMPORT-9818800477,Pending Owner,Bhuvneswar Gupta,"Fusion Homes, Tech Zone-4, Gautam Buddha Nagar"
RP-GRE-RES-20664,active,Bhuvneswar Gupta,PENDING-IMPORT-9818800477,Pending Owner,Bhuvneswar Gupta,"Erros Sampurnam, Sector-2, Gautam Buddha Nagar"
RP-GRE-RES-20665,active,Bhuvneswar Gupta,PENDING-IMPORT-9818800477,Pending Owner,Bhuvneswar Gupta,"Trident Embassy, Sector-1, Gautam Buddha Nagar"
RP-GRE-RES-20666,active,Bhuvneswar Gupta,PENDING-IMPORT-9818800477,Pending Owner,Bhuvneswar Gupta,"Coco County, Sector-10, Gautam Buddha Nagar"
RP-GRE-RES-20667,active,Bhuvneswar Gupta,PENDING-IMPORT-9818800477,Pending Owner,Bhuvneswar Gupta,"Panchsheel Greens-2, Sector-16B, Gautam Buddha Nagar"
RP-GRE-RES-20668,active,Bhuvneswar Gupta,PENDING-IMPORT-9818800477,Pending Owner,Bhuvneswar Gupta,"Gulshan Bellian, Sector-16B, Gautam Buddha Nagar"
RP-GRE-RES-20669,active,Bhuvneswar Gupta,PENDING-IMPORT-9818800477,Pending Owner,Bhuvneswar Gupta,"Redicon Vedantam, Gaur City-1, Gautam Buddha Nagar"
RP-GRE-RES-20670,active,Bhuvneswar Gupta,PENDING-IMPORT-9818800477,Pending Owner,Bhuvneswar Gupta,"Gaur 1st Avenue, Gaur City-1, Gautam Buddha Nagar"
RP-GRE-RES-20671,active,Bhuvneswar Gupta,PENDING-IMPORT-9818800477,Pending Owner,Bhuvneswar Gupta,"Gaur 12th Avenue, Gaur City-2, Gautam Buddha Nagar"
RP-GRE-RES-20672,active,Bhuvneswar Gupta,PENDING-IMPORT-9818800477,Pending Owner,Bhuvneswar Gupta,"Gaur 14th Avenue, Gaur City-2, Gautam Buddha Nagar"
RP-GRE-RES-20673,active,Bhuvneswar Gupta,PENDING-IMPORT-9818800477,Pending Owner,Bhuvneswar Gupta,"Mahagun Mywoods, Gaur City-2, Gautam Buddha Nagar"
RP-GRE-RES-20674,active,Bhuvneswar Gupta,PENDING-IMPORT-9818800477,Pending Owner,Bhuvneswar Gupta,"Mahagun Mywoods, Gaur City-2, Gautam Buddha Nagar"
RP-GRE-RES-20675,active,Bhuvneswar Gupta,PENDING-IMPORT-9818800477,Pending Owner,Bhuvneswar Gupta,"Hawelia Valencia Homes, Sector-1, Gautam Buddha Nagar"
RP-GRE-RES-20676,active,Bhuvneswar Gupta,PENDING-IMPORT-9818800477,Pending Owner,Bhuvneswar Gupta,"Hawelia Valencia Homes, Sector-1, Gautam Buddha Nagar"
RP-GRE-RES-20677,active,Bhuvneswar Gupta,PENDING-IMPORT-9818800477,Pending Owner,Bhuvneswar Gupta,"Trident Embassy, Sector-1, Gautam Buddha Nagar"
RP-GRE-RES-20678,active,Bhuvneswar Gupta,PENDING-IMPORT-9818800477,Pending Owner,Bhuvneswar Gupta,"Erros Sampurnam, Sector-2, Gautam Buddha Nagar"
RP-GRE-RES-20679,active,Bhuvneswar Gupta,PENDING-IMPORT-9818800477,Pending Owner,Bhuvneswar Gupta,"Erros Sampurnam, Sector-2, Gautam Buddha Nagar"
RP-GRE-RES-20680,active,Bhuvneswar Gupta,PENDING-IMPORT-9818800477,Pending Owner,Bhuvneswar Gupta,"Cherry County, Tech Zone-4, Gautam Buddha Nagar"
RP-GRE-RES-20681,active,Bhuvneswar Gupta,PENDING-IMPORT-9818800477,Pending Owner,Bhuvneswar Gupta,"Ajnara Homes, Sector-16B, Gautam Buddha Nagar"
RP-GRE-RES-20682,active,Bhuvneswar Gupta,PENDING-IMPORT-9818800477,Pending Owner,Bhuvneswar Gupta,"Gulshan Bellina, Sector-16B, Gautam Buddha Nagar"
RP-GRE-RES-20683,active,Bhuvneswar Gupta,PENDING-IMPORT-9818800477,Pending Owner,Bhuvneswar Gupta,"Gaur 12th Avenue, Gaur City-2, Gautam Buddha Nagar"
RP-GRE-RES-20684,active,Bhuvneswar Gupta,PENDING-IMPORT-9818800477,Pending Owner,Bhuvneswar Gupta,"Amrapali Dream Valley, Tech Zone-4, Gautam Buddha Nagar"
RP-GRE-RES-20685,active,Bhuvneswar Gupta,PENDING-IMPORT-9818800477,Pending Owner,Bhuvneswar Gupta,"Centurian Park Tarrace Home, Tech Zone-4, Gautam Buddha Nagar"
RP-GRE-RES-20686,active,Bhuvneswar Gupta,PENDING-IMPORT-9818800477,Pending Owner,Bhuvneswar Gupta,"Centurian Park Tarrace Home, Tech Zone-4, Gautam Buddha Nagar"
RP-GZB-COM-20023,active,Ravindra Prajapati,+917505463454,Ravindra prajapati,Ravindra Prajapati,"Site 4, Sahibabad Industrial Area Site 4, Sahibabad, Ghaziabad, Uttar Pradesh 201010, India"
RP-GZB-COM-20024,active,Vinod Rajput,+917827338810,Mr. Bagga,Vinod Rajput,"Site 4, Sahibabad Industrial Area Site 4, Sahibabad, Ghaziabad, Uttar Pradesh 201010, India"
RP-GZB-COM-20027,active,Ravindra Prajapati,+917505463454,Ravindra prajapati,Ravindra Prajapati,"Sahibabad Industrial Area Site 4, Sahibabad, Ghaziabad, Uttar Pradesh, India"
RP-GZB-COM-20028,active,Hardiq,+919217151405,Haardiq Choudhary,Hardiq,"Vaishali, Ghaziabad, Uttar Pradesh, India"
RP-GZB-COM-20029,active,Ravindra Prajapati,+917505463454,Ravindra prajapati,Ravindra Prajapati,"Site 4, Sahibabad Industrial Area Site 4, Sahibabad, Ghaziabad, Uttar Pradesh 201010, India"
RP-GZB-COM-20030,active,Ravindra Prajapati,+917505463454,Ravindra prajapati,Ravindra Prajapati,"Site 4, Sahibabad Industrial Area Site 4, Sahibabad, Ghaziabad, Uttar Pradesh 201010, India"
RP-GZB-COM-20031,active,Hardiq,+919217151405,Haardiq Choudhary,Hardiq,"Vaishali, Ghaziabad, Uttar Pradesh, India"
RP-GZB-COM-20067,active,Ravindra Prajapati,+917505463454,Ravindra prajapati,Ravindra Prajapati,"Sector 3, Vasundhara, Ghaziabad, Uttar Pradesh 201012, India"
RP-GZB-COM-20068,active,Ravindra Prajapati,+917505463454,Ravindra prajapati,Ravindra Prajapati,"Sector 4, Vaishali, Ghaziabad, Uttar Pradesh 201019, India"
RP-GZB-COM-20069,active,Ravindra Prajapati,+917505463454,Ravindra prajapati,Ravindra Prajapati,"Sector 4, Vaishali, Ghaziabad, Uttar Pradesh 201019, India"
RP-GZB-COM-20078,active,Savikant Sharma,+919999992400,Manogya,Savikant Sharma,"ANSAL PLAZA, Neelpadam Kunj Complex, Kamma 1, Vaishali, Ghaziabad, Uttar Pradesh 201010, India"
RP-GZB-COM-20085,active,Navneet Rajput,+918318749474,Navnit singh,Navneet Rajput,"Vaishali, Ghaziabad, Uttar Pradesh, India"
RP-GZB-COM-20108,active,Savikant Sharma,+919999992400,Anis Anwar,Savikant Sharma,"Amity School Rd, Sector 6, Vasundhara, Ghaziabad, Uttar Pradesh 201012, India"
RP-GZB-COM-20124,active,Savikant Sharma,+919999992400,Dlr,Vinod Sharma,"Sector 3, Vasundhara, Ghaziabad, Uttar Pradesh 201012, India"
RP-GZB-COM-20132,active,Vinod Rajput,+917827338810,D Dinesh Chauhan Indirapuram,Vinod Rajput,"c 1, 4, Shakti Khand, Shakti Khand 4, Indirapuram, Ghaziabad, Uttar Pradesh 201014, India"
RP-GZB-COM-20133,active,Vinod Rajput,+917827338810,Nitin sharma,Vinod Rajput,"143, 2, Shakti Khand, Shakti Khand 2, Indirapuram, Ghaziabad, Uttar Pradesh 201014, India"
RP-GZB-COM-20138,active,Ravindra Prajapati,+917505463454,Ravindra prajapati,Ravindra Prajapati,"144, Ghaziabad, Kavi Nagar, Ghaziabad, Uttar Pradesh - 201002"
RP-GZB-COM-20150,active,Ashwani,+918595719513,Ashwani,Vinod Rajput,"Kaushambi, Ghaziabad, Uttar Pradesh, India"
RP-GZB-COM-20162,active,Ravindra Prajapati,+917505463454,Ravindra Prajapati,Ravindra Prajapati,"Modinagar, Ghaziabad, Uttar Pradesh - 201010"
RP-GZB-COM-20325,active,Ashwani,+918595719513,Ashwani,Ashwani,"Sahibabad, Ghaziabad, Uttar Pradesh, India"
RP-GZB-COM-20326,active,Ashwani,+918595719513,Ashwani,Ashwani,"Sahibabad, Ghaziabad, Uttar Pradesh, India"
RP-GZB-COM-20327,active,Ashwani,+918595719513,Ashwani,Ashwani,"Sahibabad, Ghaziabad, Uttar Pradesh, India"
RP-GZB-COM-20328,active,Ashwani,+918595719513,Ashwani,Ashwani,"Sahibabad, Ghaziabad, Uttar Pradesh, India"
RP-GZB-COM-20340,active,Vinod Rajput,+917827338810,Vinod Rajput,Vinod Rajput,"Sector 3, Vasundhara, Ghaziabad, Uttar Pradesh 201012, India"
RP-GZB-COM-20341,active,Vinod Rajput,+917827338810,Vinod Rajput,Vinod Rajput,"5, Sector 14 Vasundhara Ghaziabad, Ghaziabad, Uttar Pradesh - 201014"
RP-GZB-COM-20342,active,Vinod Rajput,+917827338810,Vinod Rajput,Vinod Rajput,"All, 10, Sector 15 Vasundhara, Sector 15 Vasundhara Ghaziabad, Ghaziabad, Uttar Pradesh - 201014"
RP-GZB-COM-20343,active,Vinod Rajput,+917827338810,Vinod Rajput,Vinod Rajput,"9, Sector 6 Vasundhara Ghaziabad, Ghaziabad, Uttar Pradesh - 201014"
RP-GZB-COM-20344,active,Vinod Rajput,+917827338810,Vinod Rajput,Vinod Rajput,"All Building, 22, Shakti khand Indirapuram Ghaziabad, Shakti khand Indirapuram Ghaziabad, Ghaziabad, Uttar Pradesh - 201014"
RP-GZB-COM-20386,active,Ravindra Prajapati,+917505463454,Ravindra Prajapati,Ravindra Prajapati,Ghaziabad
RP-GZB-COM-20419,active,Ravindra Prajapati,+917505463454,Ravindra Prajapati,Ravindra Prajapati,Mohan nagar site 2
RP-GZB-COM-20457,active,Ravindra Prajapati,+917505463454,Ravindra Prajapati,Ravindra Prajapati,"Indirapuram, Shakti Khand , Ghaziabad, Uttar Pradesh"
RP-GZB-COM-20458,active,Ravindra Prajapati,+917505463454,Ravindra Prajapati,Ravindra Prajapati,"Loha Mandi, Bulandshahr Road Industrial Area, Ghaziabad, Uttar Pradesh - 201009"
RP-GZB-COM-20469,active,Ravindra Prajapati,+917505463454,Ravindra Prajapati,Ravindra Prajapati,"Masuri, Ghaziabad, Uttar Pradesh - 201015"
RP-GZB-COM-20482,active,Ravindra Prajapati,+917505463454,Ravindra Prajapati,Ravindra Prajapati,"Dasna Dhaulna Gulawati Marg, Ghaziabad, Uttar Pradesh"
RP-GZB-COM-20490,active,Ravindra Prajapati,+917505463454,Ravindra Prajapati,Ravindra Prajapati,"Plot no 340, Sector 4, Vaishali, Ghaziabad, Uttar Pradesh - 201019"
RP-GZB-COM-20492,active,Sahil Choudhary,+918920416878,Sahil Choudhary,Ashish Sharma,"Indirapuram, Abhay khand 1, Ghaziabad, Uttar Pradesh"
RP-GZB-COM-20835,active,Ghanshyam Arora,+919971078607,Ghanshyam Arora,Vibhor Sharma,"Cloud 9, Sector-1, Vaishali, Ghaziabad, Uttar Pradesh"
RP-GZB-RES-20002,active,Bharat Bhushan,+919319359729,Bharat Bhushan,Bharat Bhushan,"Niti Khand I, Indirapuram, Ghaziabad, Uttar Pradesh 201014, India"
RP-GZB-RES-20003,active,Pooja,+919650695557,Pooja,Pooja,"Ghaziabad, Uttar Pradesh, India"
RP-GZB-RES-20005,active,Bharat Bhushan,+919319359729,Bharat Bhushan,Bharat Bhushan,"Sector-1, Vaishali, Ghaziabad, Uttar Pradesh, India"
RP-GZB-RES-20006,active,Bharat Bhushan,+919319359729,Bharat Bhushan,Bharat Bhushan,"Sector-1, Vaishali, Ghaziabad, Uttar Pradesh, India"
RP-GZB-RES-20009,active,Savikant Sharma,+919999992400,Mr Shardendu tripathi,Savikant Sharma,"Sector 4, Vaishali, Ghaziabad, Uttar Pradesh 201019, India"
RP-GZB-RES-20010,active,Bharat Bhushan,+919319359729,Bharat Bhushan,Bharat Bhushan,"Niti Khand I, Indirapuram, Ghaziabad, Uttar Pradesh 201014, India"
RP-GZB-RES-20011,active,Bharat Bhushan,+919319359729,Bharat Bhushan,Bharat Bhushan,"Sector 5, Vaishali, Ghaziabad, Uttar Pradesh, India"
RP-GZB-RES-20012,active,Navneet Rajput,+918318749474,Navnit singh,Navneet Rajput,"F3, 22, Vaishali sector 5, Ghaziabad, Vaishali, Ghaziabad, Uttar Pradesh"
RP-GZB-RES-20013,active,Ashish Sharma,+918851404256,Sachin Bhaskar,Ashish Sharma,"S3, 219, Ghaziabad, Sector 4, Vaishali, Ghaziabad, Uttar Pradesh - 201019"
RP-GZB-RES-20014,active,Ashish Sharma,+918851404256,Rajesh Puri,Ashish Sharma,"Sector 4, Vaishali, Ghaziabad, Uttar Pradesh 201019, India"
RP-GZB-RES-20016,active,Hardiq,+919217151405,Ravi Pradhan,Hardiq,"Vaishali, Ghaziabad, Uttar Pradesh, India"
RP-GZB-RES-20017,active,Raghav,+919555231191,Raghav,Raghav,"Sector 4, Vaishali, Ghaziabad, Uttar Pradesh 201019, India"
RP-GZB-RES-20018,active,Sumit Jardon,+919650286796,Sumit,Sumit Jardon,"Sector 2, Vaishali, Ghaziabad, Uttar Pradesh, India"
RP-GZB-RES-20019,active,Hardiq,+919217151405,Haardiq Choudhary,Hardiq,"B4, 207, Niti khand 1, Ghaziabad, Indirapuram, Ghaziabad, Uttar Pradesh"
RP-GZB-RES-20020,active,Hardiq,+919217151405,Haardiq Choudhary,Hardiq,"Indirapuram, Ghaziabad, Uttar Pradesh, India"
RP-GZB-RES-20021,active,Ashish Sharma,+918851404256,Sachin Bhaskar,Ashish Sharma,"Sector 5, Vaishali, Ghaziabad, Uttar Pradesh, India"
RP-GZB-RES-20022,active,Bhuvneswar Gupta,+919818800477,Saddam,Bhuvneswar Gupta,"Ramprastha Greens, Vaishali, Ghaziabad, Uttar Pradesh, India"
RP-GZB-RES-20025,active,Ravindra Prajapati,+917505463454,Ravindra prajapati,Ravindra Prajapati,"Sector 3, Vasundhara, Ghaziabad, Uttar Pradesh 201012, India"
RP-GZB-RES-20026,active,Ravindra Prajapati,+917505463454,Ravindra prajapati,Ravindra Prajapati,"Sector 15, Vasundhara, Ghaziabad, Uttar Pradesh, India"
RP-GZB-RES-20032,active,Ravindra Prajapati,+917505463454,Ravindra prajapati,Ravindra Prajapati,"Sector 13, Vasundhara, Ghaziabad, Uttar Pradesh, India"
RP-GZB-RES-20033,active,Hardiq,+919217151405,Haardiq Choudhary,Hardiq,"51, Ramprastha Greens, Ghaziabad, Vaishali, Ghaziabad, Uttar Pradesh"
RP-GZB-RES-20039,active,Manish Gupta,+919718275580,Manish Gupta,Manish Gupta,"Sector 3, Vasundhara, Ghaziabad, Uttar Pradesh 201012, India"
RP-GZB-RES-20045,active,Savikant Sharma,+919999992400,Mr Mohit  Malhotra,Vinod Rajput,"Sector 5, Vaishali, Ghaziabad, Uttar Pradesh, India"
RP-GZB-RES-20048,active,Puneet Bhardwaj,+919958860411,Puneet,Puneet Bhardwaj,"Seemant Vihar Society, Sector 14, Vaishali, Ghaziabad, Uttar Pradesh, India"
RP-GZB-RES-20052,active,Ashwani,+918595719513,Ashwani,Ashwani,"Sector 4, Vaishali, Ghaziabad, Uttar Pradesh 201019, India"
RP-GZB-RES-20053,active,Ashwani,+918595719513,Ashwani,Ashwani,"Sector-1, Vaishali, Ghaziabad, Uttar Pradesh, India"
RP-GZB-RES-20054,active,Ashwani,+918595719513,Ashwani,Ashwani,"Vaishali Sector - 6, Vaishali, Ghaziabad, Uttar Pradesh, India"
RP-GZB-RES-20055,active,Pooja,+919650695557,Pooja,Pooja,"Divyansh Pratham, Indirapuram, Ghaziabad, Uttar Pradesh 201014, India"
RP-GZB-RES-20056,active,Ashwani,+918595719513,Ashwani,Ashwani,"Sector 2, Vaishali, Ghaziabad, Uttar Pradesh, India"
RP-GZB-RES-20057,active,Pooja,+919650695557,Pooja,Pooja,"Plot No-10, Mahagun Mosaic Phase 1, Shipra, Phase 1, Sector 4, Vaishali, Ghaziabad, Uttar Pradesh 201019, India"
RP-GZB-RES-20058,active,Ashwani,+918595719513,Ashwani,Ashish Sharma,"Sector 5, Vaishali, Ghaziabad, Uttar Pradesh, India"
RP-GZB-RES-20059,active,Raghav,+919555231191,Raghav,Raghav,"Sector 4, Vaishali, Ghaziabad, Uttar Pradesh 201019, India"
RP-GZB-RES-20062,active,Ravindra Prajapati,+917505463454,Ravindra prajapati,Ravindra Prajapati,"Shakti Khand 4, Indirapuram, Ghaziabad, Uttar Pradesh 201014, India"
RP-GZB-RES-20066,active,Savikant Sharma,+919999992400,Mr Nisar ahmad dlr vasundhara,Sunil Kasana,"Sector 5, Vaishali, Ghaziabad, Uttar Pradesh, India"
RP-GZB-RES-20070,active,Ravindra Prajapati,+917505463454,Ravindra prajapati,Ravindra Prajapati,"Niti Khand I, Indirapuram, Ghaziabad, Uttar Pradesh 201014, India"
RP-GZB-RES-20076,active,Bhuvneswar Gupta,+919818800477,Bhuvaneshvar Gupta,Bhuvneswar Gupta,"Antriksh Green Apt Rd, Bhuapur Village, Kaushambi, Ghaziabad, Uttar Pradesh 201010, India"
RP-GZB-RES-20080,active,Ravindra Prajapati,+917505463454,Ravindra prajapati,Ravindra Prajapati,"Sector 4, Vaishali, Ghaziabad, Uttar Pradesh 201019, India"
RP-GZB-RES-20081,active,Navneet Rajput,+918318749474,Navnit singh,Navneet Rajput,"Vaishali, Ghaziabad, Uttar Pradesh, India"
RP-GZB-RES-20082,active,Navneet Rajput,+918318749474,Navnit singh,Navneet Rajput,"Vaishali, Ghaziabad, Uttar Pradesh, India"
RP-GZB-RES-20083,active,Navneet Rajput,+918318749474,Navnit singh,Navneet Rajput,"Vaishali, Ghaziabad, Uttar Pradesh, India"
RP-GZB-RES-20084,active,Navneet Rajput,+918318749474,Navnit singh,Navneet Rajput,"Vaishali, Ghaziabad, Uttar Pradesh, India"
RP-GZB-RES-20086,active,Ashwani,+918595719513,Ashwani,Ashish Sharma,"Vaishali, Ghaziabad, Uttar Pradesh, India"
RP-GZB-RES-20087,active,Ashwani,+918595719513,Ashwani,Ashish Sharma,"Indirapuram, Ghaziabad, Uttar Pradesh, India"
RP-GZB-RES-20088,active,Ashwani,+918595719513,Ashwani,Ashish Sharma,"Sector 4, Vaishali, Ghaziabad, Uttar Pradesh 201019, India"
RP-GZB-RES-20090,active,Hardiq,+919217151405,Haardiq Choudhary,Hardiq,"Sector 3, Panchsheel Pebbles, Ghaziabad, Vaishali, Ghaziabad, Uttar Pradesh"
RP-GZB-RES-20091,active,Bobby Yadav,+919958406272,Ashish,Bobby Yadav,"Sector 4, Vaishali, Ghaziabad, Uttar Pradesh 201019, India"
RP-GZB-RES-20092,active,Bobby Yadav,+919958406272,Ashish boby,Bobby Yadav,"Mahagun Mosaic Phase 1, Sector 4, Vaishali, Ghaziabad, Uttar Pradesh 201019, India"
RP-GZB-RES-20094,active,Bobby Yadav,+919958406272,Ashish yadav,Bobby Yadav,"Sector 3, Vaishali, Ghaziabad, Uttar Pradesh, India"
RP-GZB-RES-20095,active,Pawan Rastogi,+919899892516,Pavan Rastogi,Pawan Rastogi,"Sector 5, Vaishali, Ghaziabad, Uttar Pradesh, India"
RP-GZB-RES-20096,active,Bharat Bhushan,+919319359729,Bharat Bhushan,Bharat Bhushan,"Niti Khand 2, Indirapuram, Ghaziabad, Uttar Pradesh 201014, India"
RP-GZB-RES-20097,active,Bharat Bhushan,+919319359729,Bharat Bhushan,Bharat Bhushan,"Niti Khand 2, Indirapuram, Ghaziabad, Uttar Pradesh 201014, India"
RP-GZB-RES-20098,active,Savikant Sharma,+919999992400,R K sachdeva,Savikant Sharma,"Sector 3, Vasundhara, Ghaziabad, Uttar Pradesh 201012, India"
RP-GZB-RES-20099,active,Savikant Sharma,+919999992400,Sophia francis,Savikant Sharma,"Sector 2A Rd, Sector 2A, Block C, Sector 2, Vaishali, Ghaziabad, Uttar Pradesh 201019, India"
RP-GZB-RES-20101,active,Savikant Sharma,+919999992400,Mr Yogesh Mathur,Savikant Sharma,"Sector 4, Vaishali, Ghaziabad, Uttar Pradesh 201019, India"
RP-GZB-RES-20103,active,Savikant Sharma,+919999992400,Mr G S gaur,Vinod Rajput,"Sector 3, Vasundhara, Ghaziabad, Uttar Pradesh 201012, India"
RP-GZB-RES-20104,active,Savikant Sharma,+919999992400,Mrs Mamta,Pooja,"Regent, Shipra Suncity, Indirapuram, Ghaziabad, Uttar Pradesh 201014"
RP-GZB-RES-20105,active,Savikant Sharma,+919999992400,Mrs Mamta,Pooja,"Regent, Shipra Suncity, Indirapuram, Ghaziabad, Uttar Pradesh 201014"
RP-GZB-RES-20109,active,Savikant Sharma,+919999992400,Mr Manu bsr,Navneet Rajput,"Sector 5, Vaishali, Ghaziabad, Uttar Pradesh, India"
RP-GZB-RES-20119,active,Pooja,+919650695557,Pooja,Pooja,"Vasundhara, Ghaziabad, Uttar Pradesh, India"
RP-GZB-RES-20120,active,Bharat Bhushan,+919319359729,Bharat Bhushan,Bharat Bhushan,"Sector 5, Vaishali, Ghaziabad, Uttar Pradesh, India"
RP-GZB-RES-20121,active,Ashish Sharma,+918851404256,Ashish,Ashish Sharma,"Sector 4, Vaishali, Ghaziabad, Uttar Pradesh 201019, India"
RP-GZB-RES-20130,active,Vinod Rajput,+917827338810,D Anupam Mishra,Vinod Rajput,"Niti Khand 2, Indirapuram, Ghaziabad, Uttar Pradesh 201014, India"
RP-GZB-RES-20134,active,Savikant Sharma,+919999992400,Mr Rishi Bhardwaj,Vinod Sharma,"Sector 2, Wave City Marg, Wave City, Ghaziabad, Uttar Pradesh 201015, India"
RP-GZB-RES-20135,active,Savikant Sharma,+919999992400,Mr Rishi Bhardwaj,Vinod Sharma,"KC 85, Ghaziabad, Kavi Nagar, Ghaziabad, Uttar Pradesh - 201002"
RP-GZB-RES-20137,active,Vinod Rajput,+917827338810,Manish Sinha,Vinod Rajput,"Niti Khand I, Indirapuram, Ghaziabad, Uttar Pradesh 201014, India"
RP-GZB-RES-20140,active,Ashwani,+918595719513,Ashwani,Ashwani,Vaishali
RP-GZB-RES-20154,active,Ashish Sharma,+918851404256,Ashish Sharma,Ashish Sharma,"Ramprastha Greens, Vaishali, Ghaziabad, Uttar Pradesh, India"
RP-GZB-RES-20159,active,Bobby Yadav,+919958406272,Bobby Yadav,Bobby Yadav,"PEARL COURT, Ramprastha Green Rd, Vaishali Extension, Vaishali Sector - 6, Vaishali, Ghaziabad, Uttar Pradesh 201019, India"
RP-GZB-RES-20183,active,Ravindra Prajapati,+917505463454,Ravindra Prajapati,Ravindra Prajapati,Vasundhara sec 2 c
RP-GZB-RES-20185,active,Bobby Yadav,+919958406272,Bobby Yadav,Bobby Yadav,"Aditya Mega City, Vaibhav Khand, Indirapuram, Ghaziabad, Uttar Pradesh 201014, India"
RP-GZB-RES-20186,active,Bobby Yadav,+919958406272,Bobby Yadav,Bobby Yadav,"Leela Homes, 15, PNB Rd, Sector 4, Vaishali, Ghaziabad, Uttar Pradesh 201019, India"
RP-GZB-RES-20246,active,Bobby Yadav,+919958406272,Bobby Yadav,Bobby Yadav,Vaishali sector 4
RP-GZB-RES-20250,active,Bobby Yadav,+919958406272,Bobby Yadav,Bobby Yadav,"Sector 5, Vaishali, Ghaziabad, Uttar Pradesh, India"
RP-GZB-RES-20251,active,Bobby Yadav,+919958406272,Bobby Yadav,Bobby Yadav,"Leela Homes, Sector 4, Vaishali, Ghaziabad, Uttar Pradesh 201019, India"
RP-GZB-RES-20290,active,Ravindra Prajapati,+917505463454,Ravindra Prajapati,Ravindra Prajapati,Vasundhara
RP-GZB-RES-20302,active,Bobby Yadav,+919958406272,Bobby Yadav,Bobby Yadav,"J8RR+9RJ Amrapali Vaishali, Amrapali Apartment, Block C, Sector 3, Vaishali, Ghaziabad, Uttar Pradesh 201019, India"
RP-GZB-RES-20304,active,Bobby Yadav,+919958406272,Bobby Yadav,Bobby Yadav,"Sector 4, Vaishali, Ghaziabad, Uttar Pradesh 201019, India"
RP-GZB-RES-20305,active,Bobby Yadav,+919958406272,Bobby Yadav,Bobby Yadav,"Leela Homes, Sector 4, Vaishali, Ghaziabad, Uttar Pradesh 201019, India"
RP-GZB-RES-20306,active,Bobby Yadav,+919958406272,Bobby Yadav,Bobby Yadav,"Mahagun Mosaic, Sector 4, Vaishali, Ghaziabad, Uttar Pradesh 201019, India"
RP-GZB-RES-20307,active,Bobby Yadav,+919958406272,Bobby Yadav,Bobby Yadav,"Sector 4, Vaishali, Ghaziabad, Uttar Pradesh 201019, India"
RP-GZB-RES-20308,active,Bobby Yadav,+919958406272,Bobby Yadav,Bobby Yadav,"Leela Homes, Sector 4, Vaishali, Ghaziabad, Uttar Pradesh 201019, India"
RP-GZB-RES-20309,active,Sumit Jardon,+919650286796,Sumit Jardon,Sumit Jardon,"Vaishali, Ghaziabad, Uttar Pradesh, India"
RP-GZB-RES-20311,active,Vinod Rajput,+917827338810,Vinod Rajput,Vinod Rajput,"201, 331, Supertech, Sector 4 vaishali ghaziabad, Ghaziabad, Uttar Pradesh - 201019"
RP-GZB-RES-20312,active,Vinod Rajput,+917827338810,Vinod Rajput,Vinod Rajput,"Ahlcon Apartment, Sector 4, Vaishali, Ghaziabad, Uttar Pradesh 201019, India"
RP-GZB-RES-20313,active,Vinod Rajput,+917827338810,Vinod Rajput,Vinod Rajput,"Sector-1, Vaishali, Ghaziabad, Uttar Pradesh, India"
RP-GZB-RES-20315,active,Sumit Jardon,+919650286796,Sumit Jardon,Sumit Jardon,"Vaishali, Ghaziabad, Uttar Pradesh, India"
RP-GZB-RES-20316,active,Ashwani,+918595719513,Ashwani,Ashwani,"Sector 3, Vaishali, Ghaziabad, Uttar Pradesh, India"
RP-GZB-RES-20317,active,Ashwani,+918595719513,Ashwani,Ashwani,"Vaishali Sector - 6, Vaishali, Ghaziabad, Uttar Pradesh, India"
RP-GZB-RES-20318,active,Vinod Rajput,+917827338810,Vinod Rajput,Vinod Rajput,"Rachna flats, 3A/275, Sector 3A, Block A, Sector 3, Vaishali, Ghaziabad, Uttar Pradesh 201019, India"
RP-GZB-RES-20319,active,Vinod Rajput,+917827338810,Vinod Rajput,Vinod Rajput,"Sector 3A, Block B, Sector 3, Vaishali, Ghaziabad, Uttar Pradesh 201019, India"
RP-GZB-RES-20329,active,Ashwani,+918595719513,Ashwani,Ashwani,"Vaishali, Ghaziabad, Uttar Pradesh, India"
RP-GZB-RES-20332,active,Pooja,+919650695557,Pooja,Pooja,"Vaishali, Ghaziabad, Uttar Pradesh, India"
RP-GZB-RES-20334,active,Beenu Chauhan,+919910440981,Beenu Chauhan,Beenu Chauhan,"Vasundhara, Ghaziabad, Uttar Pradesh, India"
RP-GZB-RES-20335,active,Beenu Chauhan,+919910440981,Beenu Chauhan,Beenu Chauhan,"Vasundhara, Ghaziabad, Uttar Pradesh, India"
RP-GZB-RES-20336,active,Beenu Chauhan,+919910440981,Beenu Chauhan,Beenu Chauhan,"Vasundhara, Ghaziabad, Uttar Pradesh, India"
RP-GZB-RES-20337,active,Beenu Chauhan,+919910440981,Beenu Chauhan,Beenu Chauhan,"Vasundhara, Ghaziabad, Uttar Pradesh, India"
RP-GZB-RES-20338,active,Beenu Chauhan,+919910440981,Beenu Chauhan,Beenu Chauhan,"Vasundhara, Ghaziabad, Uttar Pradesh, India"
RP-GZB-RES-20339,active,Beenu Chauhan,+919910440981,Beenu Chauhan,Beenu Chauhan,"Sector 5, Vaishali, Ghaziabad, Uttar Pradesh, India"
RP-GZB-RES-20348,active,Ashwani,+918595719513,Ashwani,Ashwani,"Vasundhara, Ghaziabad, Uttar Pradesh, India"
RP-GZB-RES-20349,active,Beenu Chauhan,+919910440981,Beenu Chauhan,Beenu Chauhan,"Vaishali, Ghaziabad, Uttar Pradesh, India"
RP-GZB-RES-20350,active,Beenu Chauhan,+919910440981,Beenu Chauhan,Beenu Chauhan,"Gaur Ganga, Sector 4, Vaishali, Ghaziabad, Uttar Pradesh 201019, India"
RP-GZB-RES-20357,active,Ashwani,+918595719513,Ashwani,Ashwani,"Vaishali, Ghaziabad, Uttar Pradesh, India"
RP-GZB-RES-20360,active,Ashwani,+918595719513,Ashwani,Ashwani,"Vaishali, Ghaziabad, Uttar Pradesh, India"
RP-GZB-RES-20361,active,Ashwani,+918595719513,Ashwani,Ashwani,"Sector 4, Vaishali, Ghaziabad, Uttar Pradesh 201019, India"
RP-GZB-RES-20365,active,Ashwani,+918595719513,Ashwani,Ashwani,"Sector 4, Vaishali, Ghaziabad, Uttar Pradesh 201019, India"
RP-GZB-RES-20366,active,Vinod Rajput,+917827338810,Vinod Rajput,Vinod Rajput,"ATS ADVANTAGE, 10231, SOCIETY, Indirapuram, Ghaziabad, Uttar Pradesh 201014, India"
RP-GZB-RES-20367,active,Ashwani,+918595719513,Ashwani,Ashwani,"Sector 4, Vaishali, Ghaziabad, Uttar Pradesh 201019, India"
RP-GZB-RES-20368,active,Ashwani,+918595719513,Ashwani,Ashwani,"J8RR+9RJ Amrapali Vaishali, Amrapali Apartment, Block C, Sector 3, Vaishali, Ghaziabad, Uttar Pradesh 201019, India"
RP-GZB-RES-20369,active,Vinod Rajput,+917827338810,Vinod Rajput,Vinod Rajput,"Aditya Mega City, Vaibhav Khand, Indirapuram, Ghaziabad, Uttar Pradesh 201014, India"
RP-GZB-RES-20370,active,Ashwani,+918595719513,Ashwani,Ashwani,"Sector 4, Vaishali, Ghaziabad, Uttar Pradesh 201019, India"
RP-GZB-RES-20371,active,Ashwani,+918595719513,Ashwani,Ashwani,"Vaishali, Ghaziabad, Uttar Pradesh, India"
RP-GZB-RES-20372,active,Vinod Rajput,+917827338810,Vinod Rajput,Vinod Rajput,"Rachna Vaishali, Sector 4, Vaishali, Ghaziabad, Uttar Pradesh 201019, India"
RP-GZB-RES-20373,active,Vinod Rajput,+917827338810,Vinod Rajput,Vinod Rajput,"Rachna Vaishali, Sector 4, Vaishali, Ghaziabad, Uttar Pradesh 201019, India"
RP-GZB-RES-20375,active,Ashwani,+918595719513,Ashwani,Ashwani,"Sector 11, Vasundhara, Ghaziabad, Uttar Pradesh, India"
RP-GZB-RES-20376,active,Ashwani,+918595719513,Ashwani,Ashwani,"Sector 12, Vasundhara, Ghaziabad, Uttar Pradesh 201012, India"
RP-GZB-RES-20377,active,Ashwani,+918595719513,Ashwani,Ashwani,"Sector 15, Vasundhara, Ghaziabad, Uttar Pradesh, India"
RP-GZB-RES-20378,active,Ashwani,+918595719513,Ashwani,Ashwani,"Sector 13, Vasundhara, Ghaziabad, Uttar Pradesh, India"
RP-GZB-RES-20379,active,Ashwani,+918595719513,Ashwani,Ashwani,"Sector 15, Vasundhara, Ghaziabad, Uttar Pradesh, India"
RP-GZB-RES-20380,active,Ashwani,+918595719513,Ashwani,Ashwani,"Sector 15, Vasundhara, Ghaziabad, Uttar Pradesh, India"
RP-GZB-RES-20381,active,Beenu Chauhan,+919910440981,Beenu Chauhan,Beenu Chauhan,"Sector 4, Vaishali, Ghaziabad, Uttar Pradesh 201019, India"
RP-GZB-RES-20382,active,Ashwani,+918595719513,Ashwani,Ashwani,"Sector 5, Vaishali, Ghaziabad, Uttar Pradesh, India"
RP-GZB-RES-20385,active,Beenu Chauhan,+919910440981,Beenu Chauhan,Beenu Chauhan,"Sector 4, Vaishali, Ghaziabad, Uttar Pradesh 201019, India"
RP-GZB-RES-20387,active,Ashwani,+918595719513,Ashwani,Ashwani,"Sector 5, Vaishali, Ghaziabad, Uttar Pradesh, India"
RP-GZB-RES-20404,active,Sunil Kasana,+919953453093,Sunil Kasana,Sunil Kasana,"Indirapuram, Ghaziabad, Uttar Pradesh, India"
RP-GZB-RES-20407,active,Vinod Rajput,+917827338810,Vinod Rajput,Vinod Rajput,"SF2, 300, Gyan Khand 1, Gyan Khand 1 indirapuram ghaziabad, Ghaziabad, Uttar Pradesh - 201014"
RP-GZB-RES-20408,active,Vinod Rajput,+917827338810,Vinod Rajput,Vinod Rajput,"Apex Acacia Valley, D-1601 Sector, Block E, Sector 3, Vaishali, Ghaziabad, Uttar Pradesh 201019, India"
RP-GZB-RES-20410,active,Ashish Sharma,+918851404256,Ashish Sharma,Ashish Sharma,"168, Sector 4, Vaishali, Ghaziabad, Uttar Pradesh - 201019"
RP-GZB-RES-20411,active,Ashwani,+918595719513,Ashwani,Ashwani,"Sector 4, Vaishali, Ghaziabad, Uttar Pradesh 201019, India"
RP-GZB-RES-20412,active,Ashwani,+918595719513,Ashwani,Ashwani,"Sector 3, Vaishali, Ghaziabad, Uttar Pradesh, India"
RP-GZB-RES-20422,active,Bobby Yadav,+919958406272,Bobby Yadav,Bobby Yadav,"Skytech Magadh, Skytech Magadh, Block C, Sector 3, Vaishali, Ghaziabad, Uttar Pradesh 201019, India"
RP-GZB-RES-20430,active,Sahil Choudhary,+918920416878,Sahil Choudhary,Sahil Choudhary,Kaushabhi
RP-GZB-RES-20445,active,Ashwani,+918595719513,Ashwani,Ashwani,"Pearl Club Residency, Ramprastha Green Rd, Vaishali Extension, Sector 9, Vaishali, Ghaziabad, Uttar Pradesh 201019, India"
RP-GZB-RES-20454,active,Ashwani,+918595719513,Ashwani,Ashwani,"S1, Vaishali, Ghaziabad, Uttar Pradesh - 201019"
RP-GZB-RES-20459,active,Sunil Kasana,+919953453093,Sunil Kasana,Vinod Rajput,"4/591, Vaishali sector 4 , Park Avenue , Ghaziabad, Uttar Pradesh - 201019"
RP-GZB-RES-20480,active,Ashwani,+918595719513,Ashwani,Anoop,"SUPERTECH ESTATE, Madan Mohan Malviya Marg, Vaishali Extension, Sector 9, Vaishali, Ghaziabad, Uttar Pradesh 201019, India"
RP-GZB-RES-20488,active,Ashish Sharma,+918851404256,Ashish Sharma,Ashish Sharma,"Neelpadam 1, Sector 5, Vaishali, Ghaziabad, Uttar Pradesh 201019, India"
RP-GZB-RES-20491,active,Ashwani,+918595719513,Ashwani,Ashwani,"UG-3, 41, Vaishali, Sector - 6, Ghaziabad, Uttar Pradesh"
RP-GZB-RES-20504,active,vivan sonu ,+918510020733,vivan sonu ,vivan sonu ,"Independent , 7, M83X+9GX, Vaishali Extension, Sector 9, Vaishali, Ghaziabad, Uttar Pradesh 201019, India, Vaishali Extension, Vaishali, Ghaziabad, Uttar Pradesh - 201019"
RP-GZB-RES-20505,active,vivan sonu ,+918510020733,vivan sonu ,vivan sonu ,"Yes , 195, Gated community , Vaishali Sector - 6, Vaishali, Ghaziabad, Uttar Pradesh"
RP-GZB-RES-20506,active,Ritu,+919999998478,Ritu,Vinod Rajput,"UG4 , 61, Vaishali Sector - 6, Vaishali, Ghaziabad, Uttar Pradesh - 201019"
RP-GZB-RES-20513,active,Ashish Sharma,+918851404256,Ashish Sharma,Ashish Sharma,"S4, 414, Sector 4, Vaishali, Ghaziabad, Uttar Pradesh - 201019"
RP-GZB-RES-20517,active,Hardiq,+919217151405,Hardiq,Hardiq,"F1, 43A, Indirapuram, Shakti Khand 2, Ghaziabad, Uttar Pradesh"
RP-GZB-RES-20524,active,Bharat Bhushan,+919319359729,Bharat Bhushan,Bharat Bhushan,"Mohan Meakin, H301, Madan Mohan Malviya Marg, Neelpadam Kunj Complex, Industrial Estate, Vaishali, Ghaziabad, Uttar Pradesh 201007, India"
RP-GZB-RES-20525,active,Anoop,+919999995852,Anoop,Anoop,"Sector 4, Vaishali, Ghaziabad, Uttar Pradesh 201019, India"
RP-GZB-RES-20528,active,Ritu,+919999998478,Savikant Sharma,Vinod Rajput,"3, 5/876, Green Street Sector 5 vaishali , Sector 5 vaishali , Green Street, Ghaziabad, Uttar Pradesh - 201019"
RP-GZB-RES-20690,active,Bharat Bhushan,+919319359729,Bharat Bhushan,Raghav,"Aman Castle, Sector 4, Vaishali, Ghaziabad, Uttar Pradesh 201019, India"
RP-GZB-RES-20728,active,Tushar chaudhary,+919654293368,Tushar chaudhary ,Vibhor Sharma,"A5, 170, Gyan Khand 1, Indirapuram, Ghaziabad, Uttar Pradesh"
RP-GZB-RES-20807,active,vivan sonu ,+918510020733,vivan sonu ,Ashwani,"Vaishali, Ghaziabad, Uttar Pradesh"
RP-GZB-RES-20808,active,Manish Gupta,+919718275580,Manish Gupta,Ashwani,"Vaishali, Ghaziabad, Uttar Pradesh"
RP-GZB-RES-20809,active,Anoop,+919999995852,Anoop,Ashwani,"Vaishali, Ghaziabad, Uttar Pradesh"
RP-GZB-RES-20810,active,Pawan Rastogi,+919899892516,Pawan Rastogi,Ashwani,"Vaishali, Ghaziabad, Uttar Pradesh"
RP-GZB-RES-20811,active,Vibhor Sharma,+918920507925,Vibhor Sharma,Ashwani,"Vaishali, Apex Acacia velly, Ghaziabad, Uttar Pradesh"
RP-GZB-RES-20813,active,Manish Gupta,+919718275580,Manish Gupta,Ashwani,"Vaishali , Ghaziabad, Uttar Pradesh"
RP-GZB-RES-20814,active,vivan sonu ,+918510020733,vivan sonu ,Ashwani,"Vaishali, Ghaziabad, Uttar Pradesh"
RP-GZB-RES-20816,active,vivan sonu ,+918510020733,vivan sonu ,Ashwani,"Vaishali, Cloud -9, Ghaziabad, Uttar Pradesh"
RP-GZB-RES-20852,active,Sunil Kasana,+919953453093,Sunil Kasana,Vinod Rajput,"123, Sector 2A Vaishali , A Block Vaishali , Ghaziabad, Uttar Pradesh - 201019"
RP-IND-RES-20089,active,Ashish Sharma,+918851404256,Rajeev,Ashish Sharma,"Gyan Khand 1, Indirapuram, Ghaziabad, Uttar Pradesh, India"
RP-KAU-COM-20527,active,Hardiq,+919217151405,Hardiq,Hardiq,"Kaushambi, Kaushambi, Uttar Pradesh - 212214"
RP-KAU-RES-20064,active,Vinod Rajput,+917827338810,Vinod singh,Vinod Rajput,"KA Block, Kaushambi, Ghaziabad, Uttar Pradesh 201010, India"
RP-KAU-RES-20075,active,Ravindra Prajapati,+917505463454,Ravindra prajapati,Ravindra Prajapati,"196, Kaushambi, A block, Kaushambi, Uttar Pradesh - 212214"
RP-MEE-COM-20149,active,Ashwani,+918595719513,Ashwani,Ashwani,"Ravi Nagar, Hapur, Uttar Pradesh 245101, India"
RP-MEE-COM-20152,active,Ashwani,+918595719513,Ashwani,Vinod Rajput,"Vasundhara, Ghaziabad, Uttar Pradesh, India"
RP-MEE-COM-20182,active,Hardiq,+919217151405,Hardiq,Hardiq,"Vaishali, Ghaziabad, Uttar Pradesh, India"
RP-MEE-COM-20190,active,Hardiq,+919217151405,Hardiq,Hardiq,"Vaishali, Ghaziabad, Uttar Pradesh, India"
RP-MEE-COM-20194,active,vivan sonu ,+918510020733,vivan,Vibhor Sharma,"Kaling Marg, Sector 5, Vaishali, Ghaziabad, Uttar Pradesh 201010, India"
RP-MEE-COM-20393,active,vivan sonu ,+918510020733,vivan,vivan sonu ,"Vaishali, Ghaziabad, Uttar Pradesh, India"
RP-MEE-COM-20427,active,Hardiq,+919217151405,Hardiq,Hardiq,"Indirapuram, Ghaziabad, Uttar Pradesh, India"
RP-MEE-RES-20139,active,Savikant Sharma,+919999992400,test,Savikant Sharma,"Sector 4, Vaishali, Ghaziabad, Uttar Pradesh 201019, India"
RP-MEE-RES-20143,active,vivan sonu ,+918510020733,vivan,vivan sonu ,"Sector 2, Vaishali, Ghaziabad, Uttar Pradesh, India"
RP-MEE-RES-20144,active,vivan sonu ,+918510020733,vivan,vivan sonu ,"Sector 3, Vaishali, Ghaziabad, Uttar Pradesh, India"
RP-MEE-RES-20145,active,vivan sonu ,+918510020733,vivan,vivan sonu ,"Vaishali Sector - 6, Vaishali, Ghaziabad, Uttar Pradesh, India"
RP-MEE-RES-20146,active,Ashwani,+918595719513,Ashwani,Ashwani,"Ajnara Pride, Sector 4C, Vasundhara, Ghaziabad, Uttar Pradesh 201012"
RP-MEE-RES-20147,active,Ashwani,+918595719513,Ashwani,Ashwani,"PEARL COURT, Ramprastha Green Rd, Vaishali Extension, Vaishali Sector - 6, Vaishali, Ghaziabad, Uttar Pradesh 201019, India"
RP-MEE-RES-20148,active,Ashwani,+918595719513,Ashwani,Ashwani,"Sector 2, Vaishali, Ghaziabad, Uttar Pradesh, India"
RP-MEE-RES-20151,active,Ashwani,+918595719513,Ashwani,Ashish Sharma,"Sector 4, Vaishali, Ghaziabad, Uttar Pradesh 201019, India"
RP-MEE-RES-20153,active,Ashwani,+918595719513,Ashwani,Ashish Sharma,"Sector 3, Vaishali, Ghaziabad, Uttar Pradesh, India"
RP-MEE-RES-20187,active,Ashwani,+918595719513,Ashwani,Ashwani,"Vaishali, Ghaziabad, Uttar Pradesh, India"
RP-MEE-RES-20189,active,vivan sonu ,+918510020733,vivan,vivan sonu ,"4, Vaishali Rd, Sector 4, Vaishali, Ghaziabad, Uttar Pradesh 201019, India"
RP-MEE-RES-20247,active,Bobby Yadav,+919958406272,Bobby Yadav,Bobby Yadav,"Sector 4, Vaishali, Ghaziabad, Uttar Pradesh 201019, India"
RP-MEE-RES-20248,active,Bobby Yadav,+919958406272,Bobby Yadav,Bobby Yadav,"Sector 4, Vaishali, Ghaziabad, Uttar Pradesh 201019, India"
RP-MEE-RES-20249,active,Bobby Yadav,+919958406272,Bobby Yadav,Bobby Yadav,"Sector 4, Vaishali, Ghaziabad, Uttar Pradesh 201019, India"
RP-MEE-RES-20252,active,Ashwani,+918595719513,Ashwani,Ashwani,"Vaishali, Ghaziabad, Uttar Pradesh, India"
RP-MEE-RES-20253,active,Ashwani,+918595719513,Ashwani,Ashwani,"Vaishali, Ghaziabad, Uttar Pradesh, India"
RP-MEE-RES-20255,active,Ashwani,+918595719513,Ashwani,Ashwani,"Vaishali, Ghaziabad, Uttar Pradesh, India"
RP-MEE-RES-20256,active,Ashwani,+918595719513,Ashwani,Ashwani,"Vaishali, Ghaziabad, Uttar Pradesh, India"
RP-MEE-RES-20257,active,Ashwani,+918595719513,Ashwani,Ashwani,"Vaishali, Ghaziabad, Uttar Pradesh, India"
RP-MEE-RES-20261,active,Manish Gupta,+919718275580,Manish Gupta,Manish Gupta,"Coco County, Vaidpura, Greater Noida, Uttar Pradesh 203207, India"
RP-MEE-RES-20266,active,Ashwani,+918595719513,Ashwani,Ashwani,"Vaishali, Ghaziabad, Uttar Pradesh, India"
RP-MEE-RES-20267,active,Ashwani,+918595719513,Ashwani,Ashwani,"Ghaziabad, Uttar Pradesh, India"
RP-MEE-RES-20269,active,Ashwani,+918595719513,Ashwani,Ashwani,"Vaishali, Ghaziabad, Uttar Pradesh, India"
RP-MEE-RES-20270,active,Ashwani,+918595719513,Ashwani,Ashwani,"Vaishali, Ghaziabad, Uttar Pradesh, India"
RP-MEE-RES-20271,active,Ashwani,+918595719513,Ashwani,Ashwani,"Vaishali, Ghaziabad, Uttar Pradesh, India"
RP-MEE-RES-20272,active,Ashwani,+918595719513,Ashwani,Ashwani,"Vaishali, Ghaziabad, Uttar Pradesh, India"
RP-MEE-RES-20274,active,Ashwani,+918595719513,Ashwani,Ashwani,"Vaishali, Ghaziabad, Uttar Pradesh, India"
RP-MEE-RES-20277,active,Ashwani,+918595719513,Ashwani,Ashwani,"Vaishali, Ghaziabad, Uttar Pradesh, India"
RP-MEE-RES-20278,active,Ashwani,+918595719513,Ashwani,Ashwani,"Vaishali, Ghaziabad, Uttar Pradesh, India"
RP-MEE-RES-20279,active,Ashwani,+918595719513,Ashwani,Ashwani,"Vaishali, Ghaziabad, Uttar Pradesh, India"
RP-MEE-RES-20280,active,Ashwani,+918595719513,Ashwani,Ashwani,"Vaishali, Ghaziabad, Uttar Pradesh, India"
RP-MEE-RES-20281,active,Ashwani,+918595719513,Ashwani,Ashwani,"Vaishali, Ghaziabad, Uttar Pradesh, India"
RP-MEE-RES-20282,active,Ashwani,+918595719513,Ashwani,Ashwani,"Vaishali, Ghaziabad, Uttar Pradesh, India"
RP-MEE-RES-20283,active,Ashwani,+918595719513,Ashwani,Ashwani,"Ghaziabad, Uttar Pradesh, India"
RP-MEE-RES-20284,active,Ashwani,+918595719513,Ashwani,Ashwani,"Vaishali, Ghaziabad, Uttar Pradesh, India"
RP-MEE-RES-20285,active,Ashwani,+918595719513,Ashwani,Ashwani,"Vaishali, Ghaziabad, Uttar Pradesh, India"
RP-MEE-RES-20286,active,Ashwani,+918595719513,Ashwani,Ashwani,"Vaishali, Ghaziabad, Uttar Pradesh, India"
RP-MEE-RES-20287,active,Ashwani,+918595719513,Ashwani,Ashwani,"Vaishali, Ghaziabad, Uttar Pradesh, India"
RP-MEE-RES-20288,active,Ashwani,+918595719513,Ashwani,Ashwani,"Vaishali, Ghaziabad, Uttar Pradesh, India"
RP-MEE-RES-20289,active,Ashwani,+918595719513,Ashwani,Ashwani,"Vaishali, Ghaziabad, Uttar Pradesh, India"
RP-MEE-RES-20291,active,Ashwani,+918595719513,Ashwani,Ashwani,"Vaishali, Ghaziabad, Uttar Pradesh, India"
RP-MEE-RES-20292,active,Ashwani,+918595719513,Ashwani,Ashwani,"Vaishali, Ghaziabad, Uttar Pradesh, India"
RP-MEE-RES-20293,active,Ashwani,+918595719513,Ashwani,Ashwani,"Vaishali, Ghaziabad, Uttar Pradesh, India"
RP-MEE-RES-20294,active,Ashwani,+918595719513,Ashwani,Ashwani,"Vaishali, Ghaziabad, Uttar Pradesh, India"
RP-MEE-RES-20295,active,Ashwani,+918595719513,Ashwani,Ashwani,"Vaishali, Ghaziabad, Uttar Pradesh, India"
RP-MEE-RES-20298,active,Ashwani,+918595719513,Ashwani,Ashwani,"Vaishali, Ghaziabad, Uttar Pradesh, India"
RP-MEE-RES-20299,active,Navneet Rajput,+918318749474,Navneet Rajput,Sumit Jardon,"Sector 4, Vaishali, Ghaziabad, Uttar Pradesh 201019, India"
RP-MEE-RES-20300,active,Hardiq,+919217151405,Hardiq,Hardiq,"Vaishali, Ghaziabad, Uttar Pradesh, India"
RP-MEE-RES-20301,active,Hardiq,+919217151405,Hardiq,Hardiq,"Indirapuram, Ghaziabad, Uttar Pradesh, India"
RP-MEE-RES-20303,active,Sunil Kasana,+919953453093,Sunil Kasana,Sunil Kasana,"Vaishali, Ghaziabad, Uttar Pradesh, India"
RP-MEE-RES-20333,active,vivan sonu ,+918510020733,vivan,vivan sonu ,"Sector 4, Vaishali, Ghaziabad, Uttar Pradesh 201019, India"
RP-MEE-RES-20345,active,Hardiq,+919217151405,Hardiq,Hardiq,"Indirapuram, Ghaziabad, Uttar Pradesh, India"
RP-MEE-RES-20355,active,Ashwani,+918595719513,Ashwani,Ashwani,"Ansal Tower Rorkee , Dove Tower"
RP-MEE-RES-20359,active,Hardiq,+919217151405,Hardiq,Hardiq,"902, Sector 3, plot no 11, 11/1, Dharam Marg, Block C, Sector 4, Vaishali, Ghaziabad, Uttar Pradesh 201019, India, Sector 3, Vaishali, Ghaziabad, Uttar Pradesh - 201019"
RP-MEE-RES-20391,active,vivan sonu ,+918510020733,vivan,vivan sonu ,"Vaishali, Ghaziabad, Uttar Pradesh, India"
RP-MEE-RES-20392,active,vivan sonu ,+918510020733,vivan,vivan sonu ,"Vaishali, Ghaziabad, Uttar Pradesh, India"
RP-MEE-RES-20394,active,vivan sonu ,+918510020733,vivan,vivan sonu ,"Kaling Marg, Sector 5, Vaishali, Ghaziabad, Uttar Pradesh 201019, India"
RP-MEE-RES-20395,active,Hardiq,+919217151405,Hardiq,Hardiq,"Vaishali, Ghaziabad, Uttar Pradesh, India"
RP-MEE-RES-20396,active,Hardiq,+919217151405,Hardiq,Hardiq,"Vaishali, Ghaziabad, Uttar Pradesh, India"
RP-MEE-RES-20413,active,Hardiq,+919217151405,Hardiq,Hardiq,"Vasundhara, Ghaziabad, Uttar Pradesh, India"
RP-MEE-RES-20416,active,vivan sonu ,+918510020733,vivan,vivan sonu ,"Mahagun Mosaic Phase 1, Sector 4, Vaishali, Ghaziabad, Uttar Pradesh 201019, India"
RP-MEE-RES-20417,active,vivan sonu ,+918510020733,vivan,vivan sonu ,"Gateway Towers, Sector 4, Vaishali, Ghaziabad, Uttar Pradesh 201019, India"
RP-MEE-RES-20425,active,vivan sonu ,+918510020733,vivan,vivan sonu ,"Apex Acacia Valley, D-1601 Sector, Block E, Sector 3, Vaishali, Ghaziabad, Uttar Pradesh 201019, India"
RP-MEE-RES-20429,active,Hardiq,+919217151405,Hardiq,Hardiq,"Vaishali, Ghaziabad, Uttar Pradesh, India"
RP-MEE-RES-20436,active,Hardiq,+919217151405,Hardiq,Hardiq,"Vaishali, Ghaziabad, Uttar Pradesh, India"
RP-NOI-COM-20351,active,Tushar chaudhary,+919654293368,Tushar chaudhary ,Tushar chaudhary,"26, D.9, Sector 70, Sector 70 noida, Noida, Uttar Pradesh - 201316"
RP-NOI-COM-20352,active,Tushar chaudhary,+919654293368,Tushar chaudhary ,Tushar chaudhary,"A.367, Sector 19 Noida, A, Noida, Uttar Pradesh - 201301"
RP-NOI-COM-20353,active,Tushar chaudhary,+919654293368,Tushar chaudhary ,Tushar chaudhary,"D.192, Sector 19 Noida, Noida, Uttar Pradesh - 201301"
RP-NOI-COM-20354,active,Tushar chaudhary,+919654293368,Tushar chaudhary ,Tushar chaudhary,"A 88, Sector 70 noida, Noida, Uttar Pradesh - 201316"
RP-NOI-RES-20263,active,Manish Gupta,+919718275580,Manish Gupta,Manish Gupta,"Sector 2, Noida, Uttar Pradesh 201301, India"
RP-NOI-RES-20265,active,Manish Gupta,+919718275580,Manish Gupta,Manish Gupta,"Sector 16, Noida, Uttar Pradesh 201301, India"
RP-NOI-RES-20347,active,Vinod Rajput,+917827338810,Vinod Rajput,Vinod Rajput,"10000, Sector 36 noida, Sector 36 noida, Noida, Uttar Pradesh - 201303"
RP-RAC-RES-20036,active,Vinod Rajput,+917827338810,Mr.Both,Vinod Rajput,"Sector 3A, Block A, Sector 3, Vaishali, Ghaziabad, Uttar Pradesh 201019, India"
RP-SEC-RES-20115,active,Bhuvneswar Gupta,+919818800477,B Gupta,Bhuvneswar Gupta,"Nirala Aspire, Nirala Aspire Tower D-5, NIRALA ASPIRE, GH-03, Sector 16, Panchsheel Greens 2, Ithaira, Uttar Pradesh 201318, India"
RP-VAI-AGR-20184,active,Sumit Jardon,+919650286796,Sumit Jardon,Sumit Jardon,"Vaishali, Ghaziabad, Uttar Pradesh, India"
RP-VAI-RES-20034,active,Vinod Rajput,+917827338810,Dada,Vinod Rajput,"Apex Acacia Valley, D-1601 Sector, Block E, Sector 3, Vaishali, Ghaziabad, Uttar Pradesh 201019, India"
RP-VAI-RES-20035,active,Vinod Rajput,+917827338810,Vinod singh,Vinod Rajput,"Sector 3A, Block A, Sector 3, Vaishali, Ghaziabad, Uttar Pradesh 201019, India"
RP-VAI-RES-20063,active,Vinod Rajput,+917827338810,Ram prakash sharma,Vinod Rajput,"Sector 5, 571, Sector 5 vaishali ghaziabad, Vaishali ghaziabad uttar pradesh, Vaishali, Vaishali ghaziabad uttar pradesh, Uttar Pradesh - 201019"
RP-VAI-RES-20122,active,Ashish Sharma,+918851404256,Ashish,Ashish Sharma,"Vaishali Sector - 6, Vaishali, Ghaziabad, Uttar Pradesh, India"
RP-VAI-RES-20123,active,Ashish Sharma,+918851404256,Ashish,Ashish Sharma,"Neelpadam Kunj Complex, Kamma 1, Vaishali, Ghaziabad, Uttar Pradesh 201010, India"
RP-VAI-RES-20128,active,Ashish Sharma,+918851404256,Gajendra,Ashish Sharma,"Sector 5, Vaishali, Ghaziabad, Uttar Pradesh, India"
RP-VAS-RES-20065,active,Raghav,+919555231191,Aman,Vinod Rajput,"Sector 11, Vasundhara, Ghaziabad, Uttar Pradesh, India"
RP-VAS-RES-20136,active,Ashish Sharma,+918851404256,Ashish,Ashish Sharma,"Ajnara Pride, Sector 4C, Vasundhara, Ghaziabad, Uttar Pradesh 201012"