phone,name,listings,is_staff,dealer_name_signal,likely_wrongly_flipped_owner
+919457503450,Abhay Pratap Singh,1,,,YES
+919910232735,Abhi Jain,1,,,YES
+918368447468,Abhinav Dua,1,,,YES
+919958290616,Ajay,1,,,YES
+919812580000,Ajay Raj Sharma,1,,,YES
+919871385698,Ajay Sharma,4,,,
+919911114809,Ajay Tomar,3,,,
+919873228621,Ajay Tyagi,1,,,YES
+919958245230,Akhil Dixit,1,,,YES
+919810164355,Akhil jain,1,,,YES
+919818895030,Amit,1,,,YES
+919810208473,Amit Aggarwal,1,,,YES
+918796447911,Anand Open house,4,,YES,
+919310207111,Anant,1,,,YES
+918375095567,Anant chaugh,1,,,YES
+918700469015,Anil Prasad,3,,,
+919355799660,Anirudh Agarwal,1,,,YES
+919555305826,Anit Pandey,1,,,YES
+918178834177,Anita Singh,1,,,YES
+919312125787,Ankit,1,,,YES
+918920789950,Ankit singh,4,,,
+919999995852,Anoop,2,YES,,
+919897987594,Anuraj Tyagi dlr,2,,YES,
+919810661713,Arun Gupta,1,,,YES
+918750550505,Arun Gupta dlr,4,,YES,
+918851404256,Ashish Sharma,15,YES,,
+919810224712,Ashish Singh,1,,,YES
+917906325142,Ashutosh Gupta,1,,,YES
+918595719513,Ashwani,82,YES,,
+919319359729,Bharat Bhushan,10,YES,,
+919582088780,Bharat Pandey Dalmia,1,,,YES
+919958406272,Bobby Yadav,19,YES,,
+919643752553,Deepak Kumar,1,,,YES
+919212726199,Deepak dey,1,,,YES
+918882813949,Dev Singh,1,,,YES
+919958205153,Dhruv sharma,1,,,YES
+919811445022,Dipendra,1,,,YES
+918527016888,Divanshu,1,,,YES
+919599586635,Gaurav Pratap,1,,,YES
+919971078607,Ghanshyam Arora,1,YES,,
+919217151405,Hardiq,25,YES,,
+919958006902,Harikant Sharma,1,,,YES
+917827443434,Harish chaudhary,1,,,YES
+919910400306,Himish kapoor,1,,,YES
+919560900044,Ishaan,1,,,YES
+919810778822,Jatin Kwatra,2,,,
+919311139990,Jeet Aggarwal,1,,,YES
+918080462559,Kalpvastu Asset Management,1,,YES,
+919811817424,Kavya,1,,,YES
+918010906041,Ketan allahabadi,1,,,YES
+919971533645,Komal,1,,,YES
+919650695566,Lalit,1,,,YES
+919891046009,Lalit Bhatt,1,,,YES
+919717053333,Litesh Jha,1,,,YES
+918076683516,Lokesh Joshi,1,,,YES
+919911278880,MP,1,,,YES
+919811759396,Mahender,1,,,YES
+919871683794,Mamta,1,,,YES
+917982878331,Manish Lamba,1,,,YES
+919911962888,Manish Nautiyal,1,,,YES
+919971921184,Manish Sharma Ramprashtha Colony,1,,YES,
+919818909089,Manish singh,1,,,YES
+918800933001,Manoj Agarwal Bhajhanka,1,,,YES
+917351721924,Manoj Gupta,1,,,YES
+919810216692,Manoj Singh,3,,,
+919212022763,Manoj nahata,2,,,
+919899792121,Manu Garg,1,,,YES
+917906159928,Meghal Jain,2,,,
+918860611379,Mitesh Mishra,1,,,YES
+918368428712,Mohan Kirola,1,,,YES
+919212154688,Mr Dinesh,2,,,
+917011388589,Mrinak kapoor  dlr,1,,YES,
+918971908603,Mrs Baveja,1,,,YES
+919013851010,NITIN GOEL,2,,,
+919810339044,Narayan Singh,1,,,YES
+919999735245,Naresh Kumar,1,,,YES
+919038308308,Naveen Goel,1,,,YES
+918318749474,Navneet Rajput,9,YES,,
+917048902159,Netra Pal Singh,1,,,YES
+919773922325,Nik Sharma,1,,,YES
+919811580732,Nisar,2,,,
+918800477593,Nishant Vats,1,,,YES
+919650373935,Not Mentioned,1,,,YES
+919268257707,Paliwal Aawas Reality,4,,YES,
+919310871988,Pooja,1,,,YES
+919650695557,Pooja,5,YES,,
+917505680353,Pooja Saraswat,1,,,YES
+919958576259,Poonam Singh,1,,,YES
+918859270301,Prakhar Gupta,1,,,YES
+919651835486,Prashant,4,,,
+918586069300,Prashant Pathak,1,,,YES
+917599600006,Praveen Pandey,4,,,
+919871376205,Puneesh Nagpal,1,,,YES
+919810495732,R S Sharma,1,,,YES
+919650071121,R k sachdeva buil,1,,YES,
+919560467171,Raam Singh,1,,,YES
+919718656300,Rahul Nagar,1,,,YES
+918447096766,Rahul Sharma,1,,,YES
+918860069778,Rahul Singh,2,,,
+919911526737,Rajender Saini,1,,,YES
+918447186246,Rajesh Gupta,2,,,
+919810156923,Rajesh Khatri,1,,,YES
+919650720167,Rajesh Maheshwari,4,,,
+919811624502,Rajesh Singhal,1,,,YES
+918700053430,Rakesh Joshi,1,,,YES
+919899510529,Rakesh Pandey,1,,,YES
+919936035456,Rakesh Sharm,1,,,YES
+919971352030,Rakesh bhati,1,,,YES
+919412534159,Ram Kumar Singh Lakkha,1,,,YES
+919810569814,Ram Prakash Sharma,2,,,
+919910777975,Ram Raj Singh,1,,,YES
+919212307842,Raman gupta,1,,,YES
+919410633648,Ramesh Kumar,1,,,YES
+919899413649,Ranjeet Kumar Vikash Estate,2,,YES,
+917505463454,Ravindra Prajapati,25,YES,,
+919937210624,Rishi bharadwaj,1,,,YES
+919971766788,S singh,2,,,
+919818251782,Sachin Bhaskar,1,,,YES
+918859931563,Saddam,1,,,YES
+918800623366,Safal Tyagi,3,,,
+918920416878,Sahil Choudhary,2,YES,,
+919891772852,Sandeep Kumar,2,,,
+919811317606,Sanjay pandey,1,,,YES
+919891154078,Saranveer singh,1,,,YES
+919717582926,Sarthak aggarwal,1,,,YES
+917007144631,Saumya Gupta,1,,,YES
+919958205066,Shankar,1,,,YES
+919990378182,Shantanu  sir,1,,,YES
+919211577737,Shanu,1,,,YES
+919871828635,Sharad Agarwal,1,,,YES
+919999194405,Shivam Kundra,1,,,YES
+919650998124,Simona,1,,,YES
+919810463237,Singh Kaur,1,,,YES
+919958321109,Sivam Negi,1,,,YES
+919811390026,Soni,1,,,YES
+918595671380,Sonia Datt,4,,,
+919999781024,Sonu Shahi,1,,,YES
+919820426536,Subhash,1,,,YES
+919810685599,Sudesh Shukla,1,,,YES
+919354302759,Sumit Mehra,1,,,YES
+919811033565,Sumit Sharma Ambey Associate,2,,YES,
+919958488509,Sumit Sharma Ambey Associate,3,,YES,
+918867808503,Sumit bhardwaj,1,,,YES
+919818441718,Sunil Yadav,1,,,YES
+919810018299,Sunish bhardwaj,1,,,YES
+919596892052,Susheel Bhat,1,,,YES
+919810432819,Suvro Jyoti,1,,,YES
+919810534913,Thomas Augustine,1,,,YES
+919654293368,Tushar chaudhary ,5,YES,,
+918587879393,Vaibhav ,1,,,YES
+919654046622,Vandana,1,,,YES
+919582668598,Varun Tyagi,1,,,YES
+919891574247,Vijay Bharti,1,,,YES
+917838737929,Vikas,1,,,YES
+918851069739,Vikas,1,,,YES
+917042433778,Vikas Singh,1,,,YES
+918512089199,Vikas dlr 32mtr,1,,YES,
+919810303956,Vinod Pandit,1,,,YES
+917827338810,Vinod vicky,27,YES,,
+919718674241,Vipul Gupta,1,,,YES
+919810023843,Vipul Jain,1,,,YES
+918826877388,Vivek,1,,,YES
+919810875941,Vivek,1,,,YES
+919911457409,Vivek Rathi,1,,,YES
+919990869948,Vivek Tomar,2,,,
+919891082117,Vivek songh dlr sirohi,1,,YES,
+919999846939,Vsrun Arors,2,,,
+918851142062,Yadav,1,,,YES
+917011232252,kartik Tripathi,1,,,YES
+919810494377,pankaj gupta,1,,,YES